path,size_bytes,sha256
docs/catalogs/M1_4_EXECUTION_ORDER.csv,1069,336c6359e911c15dd1d1c623135a7b6360635ffb0833da44807821f1aa0e5f06
docs/catalogs/M1_4_EXPECTED_RESULTS.json,1545,b4653fee6c3fbdc4d9d8a75e5b6667ea13bfd3c41fb28dc3e6dd20b3a59d4a6a
docs/catalogs/M1_4_FIELD_DICTIONARY.csv,3743,00eaa7d3b73e3a2245ae6a0fab5096d549c90123b70a1b174af4d6d028cbe82b
docs/catalogs/M1_4_PHYSICAL_DEPENDENCY_COLUMNS.csv,55984,4b21c41bfa7710009ea022c3f0d868e0bd789b897ead47f5ac07e2879f3faae6
docs/catalogs/M1_4_RUN_CONFIGURATION.json,1504,eddccd1193491d29c74b1a3a1e13e90e1a57153a46c599ba8c407b95bdb83aab
docs/CORRECTION_HISTORY.md,303,34b5424a57a40c34c4df4ff142948bf4617e63f1da39e2039fb9a9e12ba1f219
docs/M1_4_DESIGN_AND_GENERATION_SPECIFICATION.md,9289,2068f2b38eba28171272b2e0e4c62310d82b59b77171bc98b333b26f2de1fccf
docs/M1_4_EXECUTION_AND_VALIDATION_GUIDE.md,8155,fb59a9df8c79ca2620ab8e3b1a83301e28f0ad360280919c5c0568985f89e3b2
docs/M1_4_VALIDATION_MATRIX.md,6146,1c0ab6afda331e5a829a7a6fc1d11805f2abf15f13b31b57c21fb0efaecc35d8
docs/RELEASE_NOTES.md,1665,e6f0d36880bce26f9d1832897b2a4a35ad5805291ad21ce047e3d83b20d8d266
docs/RELEASE_NOTES_ACCEPTED_v0_2.md,1697,56b4b233e2d19746d28bc31874917cb8ef25744ed0e23ebfcb969b92870ad728
outputs/README.md,184,74abe07e4acfbd92c0a908d9b4b946704757db22c6873604df0b1aa1bb6473de
RELEASE_METADATA.json,505,a7622a28d0bb201e549c1d374fd17426593abf73b628c7d1618bae5064e76bc0
src/25_msbf_m1_4_enterprise_merchant_ecosystem_generation_v0_2.sql,45224,29e2ae3477ca24ab982c11ce9f6e9027c2e3f09ee49f8a843721e418e1bbbc85
src/26_msbf_m1_4_enterprise_merchant_ecosystem_validation_v0_2.sql,38956,ac8cc4bc431f33455507b63a36ee92b0d4c3aa16cdf99927a8b0ba40d241edb8
src/27_msbf_m1_4_negative_control_tests_v0_2.sql,5909,f8a435aa8541b07394064e8af4f2d40bf05e3c2c06f7fdac7bb3855f1cba3fd5
src/28_msbf_m1_4_acceptance_finalize_v0_2.sql,8486,ba9e8d8a455493965894fb141804cd55f033366f183977e61c0e15536fe87d9c
tests/M1_4_EVIDENCE_INDEX.md,1539,9a55b3da2fc42a8305a3f16650ac15ea98db29af901e91c5a5b105ac77b48801
tests/M1_4_LIVE_EXECUTION_EVIDENCE_REVIEW_AND_SIGNOFF.md,5135,ce74bbbc8a244c7df49d3bb577afc4780e09c8a97bd3d6745b042156f1a1c1eb
tests/M1_4_LIVE_EXECUTION_VALIDATION_SUMMARY_v0_2.json,2275,f271dc7956c42b333769d0bbfe40d2973e3ccbef111de05b533270ce3c055bed
tests/MSBF_M1_4_Enterprise_Merchant_Ecosystem_Build_Acceptance_Milestone_v0_2.txt,3485,6661596417120be7797db5036c074bb0e9dc62b30535e1e4cfb0548de7c983c4
tests/PACKAGE_VALIDATION_REPORT.md,2067,695da351dee874be6e295c68bb903bf0914b14f722a3ac77386701fd65a71cee
tests/review_queries/24_msbf_m1_4_preflight_validation_v0_2.sql,10119,f30dc64a842854b23c3676ca5d1d878b5b0774b26179aecb6f98ed383a6889ad
tests/review_queries/29_MSBF_M1_4_Enterprise_Merchant_Ecosystem_Master_Report_v0_2.sql,13566,7548bac2cd8a90c2cf6497e59bacc62853f636169a0d3f86195768a2f604f434
tests/review_queries/30_MSBF_M1_4_Enterprise_Merchant_Ecosystem_Detail_Report_v0_2.sql,13910,dcfde13f00dcd363337c5d8afce45566aa98839ede4040d6faba36d83263db21
tests/review_queries/99_m1_4_static_package_validation.py,14185,f3e367e494f5e21da890803c24656035a06faff6253ac03336edbd1e6130647a
