schema_name,table_name,ordinal_position,column_name,data_type,nullable,default_expression,stage
msbf_ref,acquisition_source_family,1,source_family_code,text,NO,,M1.16
msbf_ref,acquisition_source_family,2,source_family_name,text,NO,,M1.16
msbf_ref,acquisition_source_family,3,description,text,NO,,M1.16
msbf_ref,acquisition_source_family,4,active_flag,boolean,NO,true,M1.16
msbf_ref,acquisition_funnel_stage,1,stage_code,text,NO,,M1.16
msbf_ref,acquisition_funnel_stage,2,stage_name,text,NO,,M1.16
msbf_ref,acquisition_funnel_stage,3,stage_order,smallint,NO,,M1.16
msbf_ref,acquisition_funnel_stage,4,description,text,NO,,M1.16
msbf_ref,acquisition_funnel_stage,5,active_flag,boolean,NO,true,M1.16
msbf_ref,acquisition_cost_basis,1,cost_basis_code,text,NO,,M1.16
msbf_ref,acquisition_cost_basis,2,cost_basis_name,text,NO,,M1.16
msbf_ref,acquisition_cost_basis,3,conditional_basis_flag,boolean,NO,,M1.16
msbf_ref,acquisition_cost_basis,4,description,text,NO,,M1.16
msbf_ref,acquisition_cost_basis,5,active_flag,boolean,NO,true,M1.16
msbf_ref,acquisition_cost_timing,1,cost_timing_code,text,NO,,M1.16
msbf_ref,acquisition_cost_timing,2,cost_timing_name,text,NO,,M1.16
msbf_ref,acquisition_cost_timing,3,incurred_flag,boolean,NO,,M1.16
msbf_ref,acquisition_cost_timing,4,conditional_flag,boolean,NO,,M1.16
msbf_ref,acquisition_cost_timing,5,description,text,NO,,M1.16
msbf_ref,acquisition_cost_timing,6,active_flag,boolean,NO,true,M1.16
msbf_ref,acquisition_cost_component,1,cost_component_code,text,NO,,M1.16
msbf_ref,acquisition_cost_component,2,cost_component_name,text,NO,,M1.16
msbf_ref,acquisition_cost_component,3,component_role_code,text,NO,,M1.16
msbf_ref,acquisition_cost_component,4,additive_flag,boolean,NO,,M1.16
msbf_ref,acquisition_cost_component,5,included_in_detailed_total_flag,boolean,NO,,M1.16
msbf_ref,acquisition_cost_component,6,included_in_enhanced_total_flag,boolean,NO,,M1.16
msbf_ref,acquisition_cost_component,7,sign_multiplier,smallint,NO,,M1.16
msbf_ref,acquisition_cost_component,8,display_order,smallint,NO,,M1.16
msbf_ref,acquisition_cost_component,9,description,text,NO,,M1.16
msbf_ref,acquisition_cost_component,10,active_flag,boolean,NO,true,M1.16
msbf_ref,acquisition_attribution_method,1,attribution_method_code,text,NO,,M1.16
msbf_ref,acquisition_attribution_method,2,method_version,integer,NO,,M1.16
msbf_ref,acquisition_attribution_method,3,method_name,text,NO,,M1.16
msbf_ref,acquisition_attribution_method,4,primary_weight,"numeric(9,6)",NO,,M1.16
msbf_ref,acquisition_attribution_method,5,assisted_weight,"numeric(9,6)",NO,,M1.16
msbf_ref,acquisition_attribution_method,6,max_touchpoints,smallint,NO,,M1.16
msbf_ref,acquisition_attribution_method,7,fallback_hierarchy,jsonb,NO,,M1.16
msbf_ref,acquisition_attribution_method,8,status,text,NO,,M1.16
msbf_ref,acquisition_attribution_method,9,description,text,NO,,M1.16
msbf_ref,acquisition_legacy_overlap_policy,1,partner_channel_id,text,NO,,M1.16
msbf_ref,acquisition_legacy_overlap_policy,2,cost_component_code,text,NO,,M1.16
msbf_ref,acquisition_legacy_overlap_policy,3,legacy_scope_code,text,NO,,M1.16
msbf_ref,acquisition_legacy_overlap_policy,4,overlap_class,text,NO,,M1.16
msbf_ref,acquisition_legacy_overlap_policy,5,overlap_rate,"numeric(9,6)",NO,,M1.16
msbf_ref,acquisition_legacy_overlap_policy,6,status,text,NO,,M1.16
msbf_ref,acquisition_legacy_overlap_policy,7,description,text,NO,,M1.16
msbf_m1,acquisition_source_profile,1,module1_run_id,bigint,NO,,M1.16
msbf_m1,acquisition_source_profile,2,acquisition_source_code,text,NO,,M1.16
msbf_m1,acquisition_source_profile,3,acquisition_source_name,text,NO,,M1.16
msbf_m1,acquisition_source_profile,4,normalized_source_family,text,NO,,M1.16
msbf_m1,acquisition_source_profile,5,source_subtype,text,NO,,M1.16
msbf_m1,acquisition_source_profile,6,source_classification,text,NO,,M1.16
msbf_m1,acquisition_source_profile,7,accepted_partner_channel_id,text,NO,,M1.16
msbf_m1,acquisition_source_profile,8,accepted_channel_type,text,NO,,M1.16
msbf_m1,acquisition_source_profile,9,source_owner_classification,text,NO,,M1.16
msbf_m1,acquisition_source_profile,10,vendor_partner_code,text,NO,,M1.16
msbf_m1,acquisition_source_profile,11,third_party_flag,boolean,NO,,M1.16
msbf_m1,acquisition_source_profile,12,approved_source_flag,boolean,NO,,M1.16
msbf_m1,acquisition_source_profile,13,governance_status,text,NO,,M1.16
msbf_m1,acquisition_source_profile,14,permitted_attribution_roles,text[],NO,,M1.16
msbf_m1,acquisition_source_profile,15,permitted_cost_basis_codes,text[],NO,,M1.16
msbf_m1,acquisition_source_profile,16,permitted_cost_timing_codes,text[],NO,,M1.16
msbf_m1,acquisition_source_profile,17,default_attribution_priority,smallint,NO,,M1.16
msbf_m1,acquisition_source_profile,18,effective_start_date,date,NO,,M1.16
msbf_m1,acquisition_source_profile,19,effective_end_date,date,YES,,M1.16
msbf_m1,acquisition_source_profile,20,source_evidence_status,text,NO,,M1.16
msbf_m1,acquisition_source_profile,21,configuration_payload,jsonb,NO,,M1.16
msbf_m1,acquisition_source_profile,22,row_hash,text,NO,,M1.16
msbf_m1,acquisition_source_profile,23,created_by_run_id,bigint,NO,,M1.16
msbf_m1,acquisition_source_profile,24,created_at,timestamptz,NO,clock_timestamp(),M1.16
msbf_m1,acquisition_marketing_campaign,1,module1_run_id,bigint,NO,,M1.16
msbf_m1,acquisition_marketing_campaign,2,acquisition_campaign_id,text,NO,,M1.16
msbf_m1,acquisition_marketing_campaign,3,acquisition_source_code,text,NO,,M1.16
msbf_m1,acquisition_marketing_campaign,4,accepted_partner_channel_id,text,NO,,M1.16
msbf_m1,acquisition_marketing_campaign,5,campaign_family_code,text,NO,,M1.16
msbf_m1,acquisition_marketing_campaign,6,campaign_type,text,NO,,M1.16
msbf_m1,acquisition_marketing_campaign,7,campaign_name_synthetic,text,NO,,M1.16
msbf_m1,acquisition_marketing_campaign,8,effective_start_date,date,NO,,M1.16
msbf_m1,acquisition_marketing_campaign,9,effective_end_date,date,NO,,M1.16
msbf_m1,acquisition_marketing_campaign,10,campaign_status,text,NO,,M1.16
msbf_m1,acquisition_marketing_campaign,11,approval_status,text,NO,,M1.16
msbf_m1,acquisition_marketing_campaign,12,audience_segment_code,text,NO,,M1.16
msbf_m1,acquisition_marketing_campaign,13,budget_amount,"numeric(18,2)",NO,,M1.16
msbf_m1,acquisition_marketing_campaign,14,spend_amount,"numeric(18,2)",NO,,M1.16
msbf_m1,acquisition_marketing_campaign,15,owner_classification,text,NO,,M1.16
msbf_m1,acquisition_marketing_campaign,16,vendor_partner_code,text,NO,,M1.16
msbf_m1,acquisition_marketing_campaign,17,always_on_flag,boolean,NO,,M1.16
msbf_m1,acquisition_marketing_campaign,18,campaign_evidence_status,text,NO,,M1.16
msbf_m1,acquisition_marketing_campaign,19,row_hash,text,NO,,M1.16
msbf_m1,acquisition_marketing_campaign,20,created_by_run_id,bigint,NO,,M1.16
msbf_m1,acquisition_marketing_campaign,21,created_at,timestamptz,NO,clock_timestamp(),M1.16
msbf_m1,acquisition_campaign_funnel_stage,1,module1_run_id,bigint,NO,,M1.16
msbf_m1,acquisition_campaign_funnel_stage,2,acquisition_campaign_id,text,NO,,M1.16
msbf_m1,acquisition_campaign_funnel_stage,3,stage_code,text,NO,,M1.16
msbf_m1,acquisition_campaign_funnel_stage,4,stage_order,smallint,NO,,M1.16
msbf_m1,acquisition_campaign_funnel_stage,5,period_start_date,date,NO,,M1.16
msbf_m1,acquisition_campaign_funnel_stage,6,period_end_date,date,NO,,M1.16
msbf_m1,acquisition_campaign_funnel_stage,7,stage_count,bigint,NO,,M1.16
msbf_m1,acquisition_campaign_funnel_stage,8,applicability_status,text,NO,,M1.16
msbf_m1,acquisition_campaign_funnel_stage,9,conversion_rate_from_prior,"numeric(12,8)",YES,,M1.16
msbf_m1,acquisition_campaign_funnel_stage,10,evidence_basis_code,text,NO,,M1.16
msbf_m1,acquisition_campaign_funnel_stage,11,evidence_status,text,NO,,M1.16
msbf_m1,acquisition_campaign_funnel_stage,12,row_hash,text,NO,,M1.16
msbf_m1,acquisition_campaign_funnel_stage,13,created_by_run_id,bigint,NO,,M1.16
msbf_m1,acquisition_campaign_funnel_stage,14,created_at,timestamptz,NO,clock_timestamp(),M1.16
msbf_m1,acquisition_cost_ledger,1,module1_run_id,bigint,NO,,M1.16
msbf_m1,acquisition_cost_ledger,2,acquisition_cost_line_id,text,NO,,M1.16
msbf_m1,acquisition_cost_ledger,3,acquisition_campaign_id,text,NO,,M1.16
msbf_m1,acquisition_cost_ledger,4,acquisition_source_code,text,NO,,M1.16
msbf_m1,acquisition_cost_ledger,5,cost_component_code,text,NO,,M1.16
msbf_m1,acquisition_cost_ledger,6,cost_basis_code,text,NO,,M1.16
msbf_m1,acquisition_cost_ledger,7,cost_timing_code,text,NO,,M1.16
msbf_m1,acquisition_cost_ledger,8,quantity,"numeric(24,6)",NO,,M1.16
msbf_m1,acquisition_cost_ledger,9,unit_cost_amount,"numeric(18,6)",YES,,M1.16
msbf_m1,acquisition_cost_ledger,10,unit_rate,"numeric(12,8)",YES,,M1.16
msbf_m1,acquisition_cost_ledger,11,gross_cost_amount,"numeric(18,2)",NO,,M1.16
msbf_m1,acquisition_cost_ledger,12,currency_code,text,NO,,M1.16
msbf_m1,acquisition_cost_ledger,13,incurred_effective_date,date,NO,,M1.16
msbf_m1,acquisition_cost_ledger,14,allocable_flag,boolean,NO,,M1.16
msbf_m1,acquisition_cost_ledger,15,conditional_flag,boolean,NO,,M1.16
msbf_m1,acquisition_cost_ledger,16,allocation_method_code,text,NO,,M1.16
msbf_m1,acquisition_cost_ledger,17,accepted_m1_14_overlap_class,text,NO,,M1.16
msbf_m1,acquisition_cost_ledger,18,evidence_basis_code,text,NO,,M1.16
msbf_m1,acquisition_cost_ledger,19,evidence_status,text,NO,,M1.16
msbf_m1,acquisition_cost_ledger,20,row_hash,text,NO,,M1.16
msbf_m1,acquisition_cost_ledger,21,created_by_run_id,bigint,NO,,M1.16
msbf_m1,acquisition_cost_ledger,22,created_at,timestamptz,NO,clock_timestamp(),M1.16
msbf_m1,application_acquisition_touchpoint,1,module1_run_id,bigint,NO,,M1.16
msbf_m1,application_acquisition_touchpoint,2,merchant_application_id,text,NO,,M1.16
msbf_m1,application_acquisition_touchpoint,3,touchpoint_sequence,smallint,NO,,M1.16
msbf_m1,application_acquisition_touchpoint,4,merchant_id,text,NO,,M1.16
msbf_m1,application_acquisition_touchpoint,5,acquisition_source_code,text,NO,,M1.16
msbf_m1,application_acquisition_touchpoint,6,acquisition_campaign_id,text,NO,,M1.16
msbf_m1,application_acquisition_touchpoint,7,touchpoint_type,text,NO,,M1.16
msbf_m1,application_acquisition_touchpoint,8,touchpoint_timestamp,timestamptz,NO,,M1.16
msbf_m1,application_acquisition_touchpoint,9,first_touch_flag,boolean,NO,,M1.16
msbf_m1,application_acquisition_touchpoint,10,last_touch_flag,boolean,NO,,M1.16
msbf_m1,application_acquisition_touchpoint,11,primary_attribution_flag,boolean,NO,,M1.16
msbf_m1,application_acquisition_touchpoint,12,assisted_touch_flag,boolean,NO,,M1.16
msbf_m1,application_acquisition_touchpoint,13,attribution_weight,"numeric(9,6)",NO,,M1.16
msbf_m1,application_acquisition_touchpoint,14,support_status,text,NO,,M1.16
msbf_m1,application_acquisition_touchpoint,15,evidence_status,text,NO,,M1.16
msbf_m1,application_acquisition_touchpoint,16,accepted_partner_channel_id,text,NO,,M1.16
msbf_m1,application_acquisition_touchpoint,17,row_hash,text,NO,,M1.16
msbf_m1,application_acquisition_touchpoint,18,created_by_run_id,bigint,NO,,M1.16
msbf_m1,application_acquisition_touchpoint,19,created_at,timestamptz,NO,clock_timestamp(),M1.16
msbf_m1,application_acquisition_attribution_snapshot,1,module1_run_id,bigint,NO,,M1.16
msbf_m1,application_acquisition_attribution_snapshot,2,merchant_application_id,text,NO,,M1.16
msbf_m1,application_acquisition_attribution_snapshot,3,population_id,text,NO,,M1.16
msbf_m1,application_acquisition_attribution_snapshot,4,merchant_id,text,NO,,M1.16
msbf_m1,application_acquisition_attribution_snapshot,5,application_date,date,NO,,M1.16
msbf_m1,application_acquisition_attribution_snapshot,6,as_of_date,date,NO,,M1.16
msbf_m1,application_acquisition_attribution_snapshot,7,accepted_partner_channel_id,text,NO,,M1.16
msbf_m1,application_acquisition_attribution_snapshot,8,accepted_channel_type,text,NO,,M1.16
msbf_m1,application_acquisition_attribution_snapshot,9,accepted_application_channel,text,NO,,M1.16
msbf_m1,application_acquisition_attribution_snapshot,10,first_touch_source_code,text,NO,,M1.16
msbf_m1,application_acquisition_attribution_snapshot,11,first_touch_campaign_id,text,NO,,M1.16
msbf_m1,application_acquisition_attribution_snapshot,12,last_touch_source_code,text,NO,,M1.16
msbf_m1,application_acquisition_attribution_snapshot,13,last_touch_campaign_id,text,NO,,M1.16
msbf_m1,application_acquisition_attribution_snapshot,14,primary_source_code,text,NO,,M1.16
msbf_m1,application_acquisition_attribution_snapshot,15,primary_campaign_id,text,NO,,M1.16
msbf_m1,application_acquisition_attribution_snapshot,16,touchpoint_count,smallint,NO,,M1.16
msbf_m1,application_acquisition_attribution_snapshot,17,assisted_touch_count,smallint,NO,,M1.16
msbf_m1,application_acquisition_attribution_snapshot,18,attribution_method_code,text,NO,,M1.16
msbf_m1,application_acquisition_attribution_snapshot,19,attribution_method_version,integer,NO,,M1.16
msbf_m1,application_acquisition_attribution_snapshot,20,attribution_confidence_score,"numeric(9,6)",NO,,M1.16
msbf_m1,application_acquisition_attribution_snapshot,21,attribution_confidence_tier,text,NO,,M1.16
msbf_m1,application_acquisition_attribution_snapshot,22,parent_channel_reconciliation_status,text,NO,,M1.16
msbf_m1,application_acquisition_attribution_snapshot,23,fallback_path_code,text,NO,,M1.16
msbf_m1,application_acquisition_attribution_snapshot,24,primary_attribution_reason_code,text,NO,,M1.16
msbf_m1,application_acquisition_attribution_snapshot,25,secondary_attribution_reason_codes,text[],NO,'{}'::text[],M1.16
msbf_m1,application_acquisition_attribution_snapshot,26,attribution_evidence_status,text,NO,,M1.16
msbf_m1,application_acquisition_attribution_snapshot,27,application_request_hash,text,NO,,M1.16
msbf_m1,application_acquisition_attribution_snapshot,28,m1_15_baseline_contract_row_hash,text,NO,,M1.16
msbf_m1,application_acquisition_attribution_snapshot,29,m1_15_stress_contract_row_hash,text,NO,,M1.16
msbf_m1,application_acquisition_attribution_snapshot,30,row_hash,text,NO,,M1.16
msbf_m1,application_acquisition_attribution_snapshot,31,created_by_run_id,bigint,NO,,M1.16
msbf_m1,application_acquisition_attribution_snapshot,32,created_at,timestamptz,NO,clock_timestamp(),M1.16
msbf_m1,application_acquisition_cost_component_value,1,module1_run_id,bigint,NO,,M1.16
msbf_m1,application_acquisition_cost_component_value,2,merchant_application_id,text,NO,,M1.16
msbf_m1,application_acquisition_cost_component_value,3,cost_component_code,text,NO,,M1.16
msbf_m1,application_acquisition_cost_component_value,4,component_version,integer,NO,,M1.16
msbf_m1,application_acquisition_cost_component_value,5,component_role_code,text,NO,,M1.16
msbf_m1,application_acquisition_cost_component_value,6,cost_timing_code,text,NO,,M1.16
msbf_m1,application_acquisition_cost_component_value,7,cost_basis_code,text,NO,,M1.16
msbf_m1,application_acquisition_cost_component_value,8,component_amount,"numeric(18,2)",YES,,M1.16
msbf_m1,application_acquisition_cost_component_value,9,evidence_status,text,NO,,M1.16
msbf_m1,application_acquisition_cost_component_value,10,included_in_m1_14_flag,boolean,NO,,M1.16
msbf_m1,application_acquisition_cost_component_value,11,legacy_overlap_class,text,NO,,M1.16
msbf_m1,application_acquisition_cost_component_value,12,sign_multiplier,smallint,NO,,M1.16
msbf_m1,application_acquisition_cost_component_value,13,calculation_hash,text,NO,,M1.16
msbf_m1,application_acquisition_cost_component_value,14,source_lineage_payload,jsonb,NO,,M1.16
msbf_m1,application_acquisition_cost_component_value,15,row_hash,text,NO,,M1.16
msbf_m1,application_acquisition_cost_component_value,16,created_by_run_id,bigint,NO,,M1.16
msbf_m1,application_acquisition_cost_component_value,17,created_at,timestamptz,NO,clock_timestamp(),M1.16
msbf_m1,application_acquisition_cost_snapshot,1,module1_run_id,bigint,NO,,M1.16
msbf_m1,application_acquisition_cost_snapshot,2,merchant_application_id,text,NO,,M1.16
msbf_m1,application_acquisition_cost_snapshot,3,population_id,text,NO,,M1.16
msbf_m1,application_acquisition_cost_snapshot,4,merchant_id,text,NO,,M1.16
msbf_m1,application_acquisition_cost_snapshot,5,as_of_date,date,NO,,M1.16
msbf_m1,application_acquisition_cost_snapshot,6,accepted_partner_channel_id,text,NO,,M1.16
msbf_m1,application_acquisition_cost_snapshot,7,accepted_channel_type,text,NO,,M1.16
msbf_m1,application_acquisition_cost_snapshot,8,accepted_application_channel,text,NO,,M1.16
msbf_m1,application_acquisition_cost_snapshot,9,primary_source_code,text,NO,,M1.16
msbf_m1,application_acquisition_cost_snapshot,10,primary_campaign_id,text,NO,,M1.16
msbf_m1,application_acquisition_cost_snapshot,11,paid_media_cost_amount,"numeric(18,2)",NO,,M1.16
msbf_m1,application_acquisition_cost_snapshot,12,direct_mail_event_outbound_cost_amount,"numeric(18,2)",NO,,M1.16
msbf_m1,application_acquisition_cost_snapshot,13,purchased_lead_cost_amount,"numeric(18,2)",NO,,M1.16
msbf_m1,application_acquisition_cost_snapshot,14,internal_sales_rm_cost_amount,"numeric(18,2)",NO,,M1.16
msbf_m1,application_acquisition_cost_snapshot,15,agency_creative_tech_cost_amount,"numeric(18,2)",NO,,M1.16
msbf_m1,application_acquisition_cost_snapshot,16,campaign_overhead_cost_amount,"numeric(18,2)",NO,,M1.16
msbf_m1,application_acquisition_cost_snapshot,17,acquisition_incentive_cost_amount,"numeric(18,2)",NO,,M1.16
msbf_m1,application_acquisition_cost_snapshot,18,detailed_conditional_partner_broker_cost_amount,"numeric(18,2)",NO,,M1.16
msbf_m1,application_acquisition_cost_snapshot,19,direct_attributable_incurred_cost_amount,"numeric(18,2)",NO,,M1.16
msbf_m1,application_acquisition_cost_snapshot,20,internally_allocated_acquisition_cost_amount,"numeric(18,2)",NO,,M1.16
msbf_m1,application_acquisition_cost_snapshot,21,total_incurred_pre_application_cost_amount,"numeric(18,2)",NO,,M1.16
msbf_m1,application_acquisition_cost_snapshot,22,detailed_total_acquisition_cost_if_booked,"numeric(18,2)",NO,,M1.16
msbf_m1,application_acquisition_cost_snapshot,23,accepted_m1_14_acquisition_cost_rate,"numeric(12,8)",NO,,M1.16
msbf_m1,application_acquisition_cost_snapshot,24,accepted_m1_14_acquisition_cost_amount,"numeric(18,2)",NO,,M1.16
msbf_m1,application_acquisition_cost_snapshot,25,legacy_m1_14_cost_scope_code,text,NO,,M1.16
msbf_m1,application_acquisition_cost_snapshot,26,mapped_detailed_cost_potentially_represented,"numeric(18,2)",NO,,M1.16
msbf_m1,application_acquisition_cost_snapshot,27,identified_legacy_overlap_amount,"numeric(18,2)",YES,,M1.16
msbf_m1,application_acquisition_cost_snapshot,28,unmapped_legacy_proxy_amount,"numeric(18,2)",YES,,M1.16
msbf_m1,application_acquisition_cost_snapshot,29,incremental_acquisition_cost_beyond_m1_14,"numeric(18,2)",YES,,M1.16
msbf_m1,application_acquisition_cost_snapshot,30,enhanced_total_acquisition_cost_if_booked,"numeric(18,2)",YES,,M1.16
msbf_m1,application_acquisition_cost_snapshot,31,attribution_evidence_status,text,NO,,M1.16
msbf_m1,application_acquisition_cost_snapshot,32,cost_evidence_status,text,NO,,M1.16
msbf_m1,application_acquisition_cost_snapshot,33,overlap_evidence_status,text,NO,,M1.16
msbf_m1,application_acquisition_cost_snapshot,34,acquisition_contract_evidence_status,text,NO,,M1.16
msbf_m1,application_acquisition_cost_snapshot,35,supported_zero_component_count,smallint,NO,,M1.16
msbf_m1,application_acquisition_cost_snapshot,36,fallback_path_code,text,NO,,M1.16
msbf_m1,application_acquisition_cost_snapshot,37,primary_cost_reason_code,text,NO,,M1.16
msbf_m1,application_acquisition_cost_snapshot,38,secondary_cost_reason_codes,text[],NO,'{}'::text[],M1.16
msbf_m1,application_acquisition_cost_snapshot,39,attribution_snapshot_hash,text,NO,,M1.16
msbf_m1,application_acquisition_cost_snapshot,40,m1_14_baseline_row_hash,text,NO,,M1.16
msbf_m1,application_acquisition_cost_snapshot,41,m1_14_stress_row_hash,text,NO,,M1.16
msbf_m1,application_acquisition_cost_snapshot,42,m1_14_combined_set_hash,text,NO,,M1.16
msbf_m1,application_acquisition_cost_snapshot,43,m1_15_baseline_contract_row_hash,text,NO,,M1.16
msbf_m1,application_acquisition_cost_snapshot,44,m1_15_stress_contract_row_hash,text,NO,,M1.16
msbf_m1,application_acquisition_cost_snapshot,45,m1_15_combined_set_hash,text,NO,,M1.16
msbf_m1,application_acquisition_cost_snapshot,46,m1_16_policy_configuration_hash,text,NO,,M1.16
msbf_m1,application_acquisition_cost_snapshot,47,row_hash,text,NO,,M1.16
msbf_m1,application_acquisition_cost_snapshot,48,created_by_run_id,bigint,NO,,M1.16
msbf_m1,application_acquisition_cost_snapshot,49,created_at,timestamptz,NO,clock_timestamp(),M1.16
msbf_ctl,m1_16_acquisition_contract_registry,1,contract_code,text,NO,,M1.16
msbf_ctl,m1_16_acquisition_contract_registry,2,contract_version,integer,NO,,M1.16
msbf_ctl,m1_16_acquisition_contract_registry,3,module1_run_id,bigint,NO,,M1.16
msbf_ctl,m1_16_acquisition_contract_registry,4,schema_version,text,NO,,M1.16
msbf_ctl,m1_16_acquisition_contract_registry,5,scenario_set_id,bigint,NO,,M1.16
msbf_ctl,m1_16_acquisition_contract_registry,6,methodology_version,text,NO,,M1.16
msbf_ctl,m1_16_acquisition_contract_registry,7,source_m1_15_contract_code,text,NO,,M1.16
msbf_ctl,m1_16_acquisition_contract_registry,8,source_m1_15_contract_version,integer,NO,,M1.16
msbf_ctl,m1_16_acquisition_contract_registry,9,source_m1_15_schema_version,text,NO,,M1.16
msbf_ctl,m1_16_acquisition_contract_registry,10,source_m1_15_combined_hash,text,NO,,M1.16
msbf_ctl,m1_16_acquisition_contract_registry,11,source_m1_14_combined_hash,text,NO,,M1.16
msbf_ctl,m1_16_acquisition_contract_registry,12,policy_configuration_hash,text,NO,,M1.16
msbf_ctl,m1_16_acquisition_contract_registry,13,contract_status,text,NO,,M1.16
msbf_ctl,m1_16_acquisition_contract_registry,14,source_profile_row_count,integer,NO,,M1.16
msbf_ctl,m1_16_acquisition_contract_registry,15,campaign_row_count,integer,NO,,M1.16
msbf_ctl,m1_16_acquisition_contract_registry,16,funnel_row_count,integer,NO,,M1.16
msbf_ctl,m1_16_acquisition_contract_registry,17,cost_ledger_row_count,integer,NO,,M1.16
msbf_ctl,m1_16_acquisition_contract_registry,18,touchpoint_row_count,integer,NO,,M1.16
msbf_ctl,m1_16_acquisition_contract_registry,19,attribution_row_count,integer,NO,,M1.16
msbf_ctl,m1_16_acquisition_contract_registry,20,cost_snapshot_row_count,integer,NO,,M1.16
msbf_ctl,m1_16_acquisition_contract_registry,21,component_row_count,integer,NO,,M1.16
msbf_ctl,m1_16_acquisition_contract_registry,22,latest_row_count,integer,NO,,M1.16
msbf_ctl,m1_16_acquisition_contract_registry,23,archive_row_count,integer,NO,,M1.16
msbf_ctl,m1_16_acquisition_contract_registry,24,integrated_view_row_count,integer,NO,,M1.16
msbf_ctl,m1_16_acquisition_contract_registry,25,source_profile_set_hash,text,NO,,M1.16
msbf_ctl,m1_16_acquisition_contract_registry,26,campaign_set_hash,text,NO,,M1.16
msbf_ctl,m1_16_acquisition_contract_registry,27,funnel_set_hash,text,NO,,M1.16
msbf_ctl,m1_16_acquisition_contract_registry,28,cost_ledger_set_hash,text,NO,,M1.16
msbf_ctl,m1_16_acquisition_contract_registry,29,touchpoint_set_hash,text,NO,,M1.16
msbf_ctl,m1_16_acquisition_contract_registry,30,attribution_set_hash,text,NO,,M1.16
msbf_ctl,m1_16_acquisition_contract_registry,31,cost_snapshot_set_hash,text,NO,,M1.16
msbf_ctl,m1_16_acquisition_contract_registry,32,component_set_hash,text,NO,,M1.16
msbf_ctl,m1_16_acquisition_contract_registry,33,latest_set_hash,text,NO,,M1.16
msbf_ctl,m1_16_acquisition_contract_registry,34,archive_set_hash,text,NO,,M1.16
msbf_ctl,m1_16_acquisition_contract_registry,35,contract_set_hash,text,NO,,M1.16
msbf_ctl,m1_16_acquisition_contract_registry,36,combined_set_hash,text,NO,,M1.16
msbf_ctl,m1_16_acquisition_contract_registry,37,contract_row_hash,text,NO,,M1.16
msbf_ctl,m1_16_acquisition_contract_registry,38,generated_at,timestamptz,NO,clock_timestamp(),M1.16
msbf_ctl,m1_16_acquisition_contract_registry,39,validated_at,timestamptz,YES,,M1.16
msbf_ctl,m1_16_acquisition_contract_registry,40,accepted_at,timestamptz,YES,,M1.16
msbf_ctl,m1_16_acquisition_contract_registry,41,created_by_run_id,bigint,NO,,M1.16
msbf_m1,application_acquisition_contract_latest,1,module1_run_id,bigint,NO,,M1.16
msbf_m1,application_acquisition_contract_latest,2,merchant_application_id,text,NO,,M1.16
msbf_m1,application_acquisition_contract_latest,3,population_id,text,NO,,M1.16
msbf_m1,application_acquisition_contract_latest,4,merchant_id,text,NO,,M1.16
msbf_m1,application_acquisition_contract_latest,5,as_of_date,date,NO,,M1.16
msbf_m1,application_acquisition_contract_latest,6,accepted_partner_channel_id,text,NO,,M1.16
msbf_m1,application_acquisition_contract_latest,7,accepted_channel_type,text,NO,,M1.16
msbf_m1,application_acquisition_contract_latest,8,accepted_application_channel,text,NO,,M1.16
msbf_m1,application_acquisition_contract_latest,9,primary_source_code,text,NO,,M1.16
msbf_m1,application_acquisition_contract_latest,10,primary_campaign_id,text,NO,,M1.16
msbf_m1,application_acquisition_contract_latest,11,attribution_method_code,text,NO,,M1.16
msbf_m1,application_acquisition_contract_latest,12,attribution_method_version,integer,NO,,M1.16
msbf_m1,application_acquisition_contract_latest,13,attribution_confidence_score,"numeric(9,6)",NO,,M1.16
msbf_m1,application_acquisition_contract_latest,14,attribution_confidence_tier,text,NO,,M1.16
msbf_m1,application_acquisition_contract_latest,15,touchpoint_count,smallint,NO,,M1.16
msbf_m1,application_acquisition_contract_latest,16,assisted_touch_count,smallint,NO,,M1.16
msbf_m1,application_acquisition_contract_latest,17,attribution_evidence_status,text,NO,,M1.16
msbf_m1,application_acquisition_contract_latest,18,direct_attributable_incurred_cost_amount,"numeric(18,2)",NO,,M1.16
msbf_m1,application_acquisition_contract_latest,19,internally_allocated_acquisition_cost_amount,"numeric(18,2)",NO,,M1.16
msbf_m1,application_acquisition_contract_latest,20,total_incurred_pre_application_cost_amount,"numeric(18,2)",NO,,M1.16
msbf_m1,application_acquisition_contract_latest,21,detailed_conditional_partner_broker_cost_amount,"numeric(18,2)",NO,,M1.16
msbf_m1,application_acquisition_contract_latest,22,detailed_total_acquisition_cost_if_booked,"numeric(18,2)",NO,,M1.16
msbf_m1,application_acquisition_contract_latest,23,accepted_m1_14_acquisition_cost_rate,"numeric(12,8)",NO,,M1.16
msbf_m1,application_acquisition_contract_latest,24,accepted_m1_14_acquisition_cost_amount,"numeric(18,2)",NO,,M1.16
msbf_m1,application_acquisition_contract_latest,25,legacy_m1_14_cost_scope_code,text,NO,,M1.16
msbf_m1,application_acquisition_contract_latest,26,identified_legacy_overlap_amount,"numeric(18,2)",YES,,M1.16
msbf_m1,application_acquisition_contract_latest,27,unmapped_legacy_proxy_amount,"numeric(18,2)",YES,,M1.16
msbf_m1,application_acquisition_contract_latest,28,incremental_acquisition_cost_beyond_m1_14,"numeric(18,2)",YES,,M1.16
msbf_m1,application_acquisition_contract_latest,29,enhanced_total_acquisition_cost_if_booked,"numeric(18,2)",YES,,M1.16
msbf_m1,application_acquisition_contract_latest,30,cost_evidence_status,text,NO,,M1.16
msbf_m1,application_acquisition_contract_latest,31,overlap_evidence_status,text,NO,,M1.16
msbf_m1,application_acquisition_contract_latest,32,acquisition_contract_evidence_status,text,NO,,M1.16
msbf_m1,application_acquisition_contract_latest,33,fallback_path_code,text,NO,,M1.16
msbf_m1,application_acquisition_contract_latest,34,primary_reason_code,text,NO,,M1.16
msbf_m1,application_acquisition_contract_latest,35,secondary_reason_codes,text[],NO,'{}'::text[],M1.16
msbf_m1,application_acquisition_contract_latest,36,attribution_snapshot_hash,text,NO,,M1.16
msbf_m1,application_acquisition_contract_latest,37,cost_snapshot_hash,text,NO,,M1.16
msbf_m1,application_acquisition_contract_latest,38,m1_14_baseline_row_hash,text,NO,,M1.16
msbf_m1,application_acquisition_contract_latest,39,m1_14_stress_row_hash,text,NO,,M1.16
msbf_m1,application_acquisition_contract_latest,40,m1_15_baseline_contract_row_hash,text,NO,,M1.16
msbf_m1,application_acquisition_contract_latest,41,m1_15_stress_contract_row_hash,text,NO,,M1.16
msbf_m1,application_acquisition_contract_latest,42,source_payload,jsonb,NO,,M1.16
msbf_m1,application_acquisition_contract_latest,43,lineage_payload,jsonb,NO,,M1.16
msbf_m1,application_acquisition_contract_latest,44,contract_code,text,NO,,M1.16
msbf_m1,application_acquisition_contract_latest,45,contract_version,integer,NO,,M1.16
msbf_m1,application_acquisition_contract_latest,46,schema_version,text,NO,,M1.16
msbf_m1,application_acquisition_contract_latest,47,contract_row_hash,text,NO,,M1.16
msbf_m1,application_acquisition_contract_latest,48,created_by_run_id,bigint,NO,,M1.16
msbf_m1,application_acquisition_contract_latest,49,created_at,timestamptz,NO,clock_timestamp(),M1.16
msbf_m1,application_acquisition_contract_archive,1,archive_id,bigint GENERATED ALWAYS AS IDENTITY,NO,,M1.16
msbf_m1,application_acquisition_contract_archive,2,module1_run_id,bigint,NO,,M1.16
msbf_m1,application_acquisition_contract_archive,3,merchant_application_id,text,NO,,M1.16
msbf_m1,application_acquisition_contract_archive,4,contract_code,text,NO,,M1.16
msbf_m1,application_acquisition_contract_archive,5,contract_version,integer,NO,,M1.16
msbf_m1,application_acquisition_contract_archive,6,schema_version,text,NO,,M1.16
msbf_m1,application_acquisition_contract_archive,7,contract_row_hash,text,NO,,M1.16
msbf_m1,application_acquisition_contract_archive,8,contract_payload,jsonb,NO,,M1.16
msbf_m1,application_acquisition_contract_archive,9,archived_by_run_id,bigint,NO,,M1.16
msbf_m1,application_acquisition_contract_archive,10,archived_at,timestamptz,NO,clock_timestamp(),M1.16
