table_schema,table_name,column_name,ordinal_position,data_type_and_constraints
msbf_m1,application_ead_path_value,module1_run_id,1,bigint NOT NULL
msbf_m1,application_ead_path_value,scenario_id,2,bigint NOT NULL
msbf_m1,application_ead_path_value,merchant_application_id,3,text NOT NULL
msbf_m1,application_ead_path_value,path_day,4,smallint NOT NULL
msbf_m1,application_ead_path_value,path_bucket,5,text NOT NULL
msbf_m1,application_ead_path_value,path_bucket_day_count,6,smallint NOT NULL
msbf_m1,application_ead_path_value,paydown_curve_shape,7,"numeric(12,8) NOT NULL"
msbf_m1,application_ead_path_value,beginning_exposure_amount,8,"numeric(18,2) NOT NULL"
msbf_m1,application_ead_path_value,scheduled_remittance_amount,9,"numeric(18,2) NOT NULL"
msbf_m1,application_ead_path_value,expected_receivable_reduction_amount,10,"numeric(18,2) NOT NULL"
msbf_m1,application_ead_path_value,ending_exposure_amount,11,"numeric(18,2) NOT NULL"
msbf_m1,application_ead_path_value,default_timing_weight,12,"numeric(14,10) NOT NULL"
msbf_m1,application_ead_path_value,weighted_ead_amount,13,"numeric(18,2) NOT NULL"
msbf_m1,application_ead_path_value,exposure_basis_code,14,text NOT NULL
msbf_m1,application_ead_path_value,payment_basis_code,15,text NOT NULL
msbf_m1,application_ead_path_value,path_hash,16,text NOT NULL
msbf_m1,application_ead_path_value,created_by_run_id,17,bigint NOT NULL
msbf_m1,application_ead_path_value,created_at,18,timestamptz DEFAULT clock_timestamp() NOT NULL
msbf_m1,application_exposure_recovery_loss_snapshot,module1_run_id,1,bigint NOT NULL
msbf_m1,application_exposure_recovery_loss_snapshot,scenario_id,2,bigint NOT NULL
msbf_m1,application_exposure_recovery_loss_snapshot,merchant_application_id,3,text NOT NULL
msbf_m1,application_exposure_recovery_loss_snapshot,population_id,4,text NOT NULL
msbf_m1,application_exposure_recovery_loss_snapshot,merchant_id,5,text NOT NULL
msbf_m1,application_exposure_recovery_loss_snapshot,as_of_date,6,date NOT NULL
msbf_m1,application_exposure_recovery_loss_snapshot,industry_code,7,text NOT NULL
msbf_m1,application_exposure_recovery_loss_snapshot,integrated_risk_snapshot_hash,8,text NOT NULL
msbf_m1,application_exposure_recovery_loss_snapshot,liquidity_capacity_snapshot_hash,9,text NOT NULL
msbf_m1,application_exposure_recovery_loss_snapshot,application_request_hash,10,text NOT NULL
msbf_m1,application_exposure_recovery_loss_snapshot,integrated_risk_evidence_status,11,text NOT NULL
msbf_m1,application_exposure_recovery_loss_snapshot,recovery_evidence_status,12,text NOT NULL
msbf_m1,application_exposure_recovery_loss_snapshot,loss_evidence_status,13,text NOT NULL
msbf_m1,application_exposure_recovery_loss_snapshot,synthetic_merchant_risk_proxy,14,"numeric(12,8)"
msbf_m1,application_exposure_recovery_loss_snapshot,integrated_risk_tier,15,smallint NOT NULL
msbf_m1,application_exposure_recovery_loss_snapshot,requested_funding_amount,16,"numeric(18,2) NOT NULL"
msbf_m1,application_exposure_recovery_loss_snapshot,requested_total_repayment_amount,17,"numeric(18,2) NOT NULL"
msbf_m1,application_exposure_recovery_loss_snapshot,requested_finance_charge_amount,18,"numeric(18,2) NOT NULL"
msbf_m1,application_exposure_recovery_loss_snapshot,requested_expected_payoff_days,19,smallint NOT NULL
msbf_m1,application_exposure_recovery_loss_snapshot,scenario_expected_daily_remittance,20,"numeric(18,2) NOT NULL"
msbf_m1,application_exposure_recovery_loss_snapshot,baseline_expected_daily_remittance,21,"numeric(18,2) NOT NULL"
msbf_m1,application_exposure_recovery_loss_snapshot,governed_path_daily_payment,22,"numeric(18,2) NOT NULL"
msbf_m1,application_exposure_recovery_loss_snapshot,paydown_curve_shape,23,"numeric(12,8) NOT NULL"
msbf_m1,application_exposure_recovery_loss_snapshot,initial_receivable_exposure_amount,24,"numeric(18,2) NOT NULL"
msbf_m1,application_exposure_recovery_loss_snapshot,path_weighted_ead_amount,25,"numeric(18,2) NOT NULL"
msbf_m1,application_exposure_recovery_loss_snapshot,expected_ead_rate,26,"numeric(12,8) NOT NULL"
msbf_m1,application_exposure_recovery_loss_snapshot,industry_lgd_baseline_rate,27,"numeric(12,8) NOT NULL"
msbf_m1,application_exposure_recovery_loss_snapshot,scenario_lgd_addon_rate,28,"numeric(12,8) NOT NULL"
msbf_m1,application_exposure_recovery_loss_snapshot,collateral_available_value,29,"numeric(18,2) NOT NULL"
msbf_m1,application_exposure_recovery_loss_snapshot,guarantee_capacity_amount,30,"numeric(18,2) NOT NULL"
msbf_m1,application_exposure_recovery_loss_snapshot,collateral_recovery_credit_rate,31,"numeric(12,8) NOT NULL"
msbf_m1,application_exposure_recovery_loss_snapshot,guarantee_recovery_credit_rate,32,"numeric(12,8) NOT NULL"
msbf_m1,application_exposure_recovery_loss_snapshot,total_recovery_credit_rate,33,"numeric(12,8) NOT NULL"
msbf_m1,application_exposure_recovery_loss_snapshot,recovery_basis_code,34,text NOT NULL
msbf_m1,application_exposure_recovery_loss_snapshot,recovery_rate_assumption,35,"numeric(12,8) NOT NULL"
msbf_m1,application_exposure_recovery_loss_snapshot,lgd_input_rate,36,"numeric(12,8) NOT NULL"
msbf_m1,application_exposure_recovery_loss_snapshot,simple_comparative_expected_loss_amount,37,"numeric(18,2)"
msbf_m1,application_exposure_recovery_loss_snapshot,schedule_adjusted_comparative_expected_loss_amount,38,"numeric(18,2)"
msbf_m1,application_exposure_recovery_loss_snapshot,simple_comparative_loss_rate,39,"numeric(12,8)"
msbf_m1,application_exposure_recovery_loss_snapshot,schedule_adjusted_comparative_loss_rate,40,"numeric(12,8)"
msbf_m1,application_exposure_recovery_loss_snapshot,stress_ead_worsening_flag,41,boolean NOT NULL
msbf_m1,application_exposure_recovery_loss_snapshot,stress_lgd_worsening_flag,42,boolean NOT NULL
msbf_m1,application_exposure_recovery_loss_snapshot,stress_loss_worsening_flag,43,boolean NOT NULL
msbf_m1,application_exposure_recovery_loss_snapshot,hard_stop_recommended_flag,44,boolean NOT NULL
msbf_m1,application_exposure_recovery_loss_snapshot,manual_review_recommended_flag,45,boolean NOT NULL
msbf_m1,application_exposure_recovery_loss_snapshot,fallback_path_code,46,text NOT NULL
msbf_m1,application_exposure_recovery_loss_snapshot,primary_loss_reason_code,47,text NOT NULL
msbf_m1,application_exposure_recovery_loss_snapshot,secondary_loss_reason_codes,48,text[] DEFAULT '{}'::text[] NOT NULL
msbf_m1,application_exposure_recovery_loss_snapshot,row_hash,49,text NOT NULL
msbf_m1,application_exposure_recovery_loss_snapshot,created_by_run_id,50,bigint NOT NULL
msbf_m1,application_exposure_recovery_loss_snapshot,created_at,51,timestamptz DEFAULT clock_timestamp() NOT NULL
