"control_sequence","evidence_code","control_family","expected_sqlstate","authority_message_prefix","effective_message_signature","message_match_mode","expected_constraint","observed_sqlstate","observed_message","observed_constraint","canonical_before","canonical_after","hash_before","hash_after","sequence_before","sequence_after","lifecycle_before","lifecycle_after","isolation_status","status","interpretation"
1,M2_12_NEG_001_SOURCE_REGISTRY_HASH_TAMPER,SOURCE_AUTHORITY,P0001,M2.12 source registry hash mismatch,M2.12 source registry hash mismatch,EXACT,"",P0001,M2.12 source registry hash mismatch,"","28d832719a63d5669a18016f15ba43fb","28d832719a63d5669a18016f15ba43fb","1fb58eefe090b07d3c7ca653306e42d0","1fb58eefe090b07d3c7ca653306e42d0",policy|1|true|archive|1|true|registry|1|true,policy|1|true|archive|1|true|registry|1|true,M2_12_VALIDATED|VALIDATED|2026-08-11 10:20:12.911859-04|2026-08-11 13:47:54.935903-04|NULL,M2_12_VALIDATED|VALIDATED|2026-08-11 10:20:12.911859-04|2026-08-11 13:47:54.935903-04|NULL,PASS,PASS,M2.12 source-registry assertion | NONE
2,M2_12_NEG_002_MISSING_ACCEPTED_STAGE_GATE,SOURCE_ACCEPTANCE,P0001,M2.12 required accepted stage gate missing,M2.12 required accepted stage gate missing,EXACT,"",P0001,M2.12 required accepted stage gate missing,"","28d832719a63d5669a18016f15ba43fb","28d832719a63d5669a18016f15ba43fb","1fb58eefe090b07d3c7ca653306e42d0","1fb58eefe090b07d3c7ca653306e42d0",policy|1|true|archive|1|true|registry|1|true,policy|1|true|archive|1|true|registry|1|true,M2_12_VALIDATED|VALIDATED|2026-08-11 10:20:12.911859-04|2026-08-11 13:47:54.935903-04|NULL,M2_12_VALIDATED|VALIDATED|2026-08-11 10:20:12.911859-04|2026-08-11 13:47:54.935903-04|NULL,PASS,PASS,M2.12 source acceptance assertion | NONE
3,M2_12_NEG_003_STAGE_STATUS_NOT_ACCEPTED,SOURCE_ACCEPTANCE,P0001,M2.12 component contract is not ACCEPTED,M2.12 component contract is not ACCEPTED,EXACT,"",P0001,M2.12 component contract is not ACCEPTED,"","28d832719a63d5669a18016f15ba43fb","28d832719a63d5669a18016f15ba43fb","1fb58eefe090b07d3c7ca653306e42d0","1fb58eefe090b07d3c7ca653306e42d0",policy|1|true|archive|1|true|registry|1|true,policy|1|true|archive|1|true|registry|1|true,M2_12_VALIDATED|VALIDATED|2026-08-11 10:20:12.911859-04|2026-08-11 13:47:54.935903-04|NULL,M2_12_VALIDATED|VALIDATED|2026-08-11 10:20:12.911859-04|2026-08-11 13:47:54.935903-04|NULL,PASS,PASS,M2.12 historical acceptance assertion | NONE
4,M2_12_NEG_004_LINEAR_CHAIN_HASH_BREAK,SOURCE_GRAPH,P0001,M2.12 linear source edge mismatch,M2.12 linear source edge mismatch,EXACT,"",P0001,M2.12 linear source edge mismatch,"","28d832719a63d5669a18016f15ba43fb","28d832719a63d5669a18016f15ba43fb","1fb58eefe090b07d3c7ca653306e42d0","1fb58eefe090b07d3c7ca653306e42d0",policy|1|true|archive|1|true|registry|1|true,policy|1|true|archive|1|true|registry|1|true,M2_12_VALIDATED|VALIDATED|2026-08-11 10:20:12.911859-04|2026-08-11 13:47:54.935903-04|NULL,M2_12_VALIDATED|VALIDATED|2026-08-11 10:20:12.911859-04|2026-08-11 13:47:54.935903-04|NULL,PASS,PASS,M2.12 source-graph edge assertion | NONE
5,M2_12_NEG_005_M2_11_MULTISOURCE_HASH_BREAK,SOURCE_GRAPH,P0001,M2.12 M2.11 multi-source edge mismatch,M2.12 M2.11 multi-source edge mismatch,EXACT,"",P0001,M2.12 M2.11 multi-source edge mismatch,"","28d832719a63d5669a18016f15ba43fb","28d832719a63d5669a18016f15ba43fb","1fb58eefe090b07d3c7ca653306e42d0","1fb58eefe090b07d3c7ca653306e42d0",policy|1|true|archive|1|true|registry|1|true,policy|1|true|archive|1|true|registry|1|true,M2_12_VALIDATED|VALIDATED|2026-08-11 10:20:12.911859-04|2026-08-11 13:47:54.935903-04|NULL,M2_12_VALIDATED|VALIDATED|2026-08-11 10:20:12.911859-04|2026-08-11 13:47:54.935903-04|NULL,PASS,PASS,M2.12 M2.11 multi-source graph assertion | NONE
6,M2_12_NEG_006_COMPONENT_COUNT_MISMATCH,CONTRACT_COMPONENT,P0001,M2.12 component row count mismatch,M2.12 component row count mismatch,EXACT,"",P0001,M2.12 component row count mismatch,"","28d832719a63d5669a18016f15ba43fb","28d832719a63d5669a18016f15ba43fb","1fb58eefe090b07d3c7ca653306e42d0","1fb58eefe090b07d3c7ca653306e42d0",policy|1|true|archive|1|true|registry|1|true,policy|1|true|archive|1|true|registry|1|true,M2_12_VALIDATED|VALIDATED|2026-08-11 10:20:12.911859-04|2026-08-11 13:47:54.935903-04|NULL,M2_12_VALIDATED|VALIDATED|2026-08-11 10:20:12.911859-04|2026-08-11 13:47:54.935903-04|NULL,PASS,PASS,M2.12 component count reconciliation | NONE
7,M2_12_NEG_007_LATEST_ARCHIVE_PAYLOAD_MISMATCH,REPRODUCTION,P0001,M2.12 latest/archive payload mismatch,M2.12 latest/archive payload mismatch,EXACT,"",P0001,M2.12 latest/archive payload mismatch,"","28d832719a63d5669a18016f15ba43fb","28d832719a63d5669a18016f15ba43fb","1fb58eefe090b07d3c7ca653306e42d0","1fb58eefe090b07d3c7ca653306e42d0",policy|1|true|archive|1|true|registry|1|true,policy|1|true|archive|1|true|registry|1|true,M2_12_VALIDATED|VALIDATED|2026-08-11 10:20:12.911859-04|2026-08-11 13:47:54.935903-04|NULL,M2_12_VALIDATED|VALIDATED|2026-08-11 10:20:12.911859-04|2026-08-11 13:47:54.935903-04|NULL,PASS,PASS,M2.12 latest/archive reproduction assertion | NONE
8,M2_12_NEG_008_ARCHIVE_UPDATE,ARCHIVE_IMMUTABILITY,P0001,M2.12 archive is immutable,M2.12 immutable G3 archive rejects UPDATE or DELETE,EXACT,"",P0001,M2.12 immutable G3 archive rejects UPDATE or DELETE,"","28d832719a63d5669a18016f15ba43fb","28d832719a63d5669a18016f15ba43fb","1fb58eefe090b07d3c7ca653306e42d0","1fb58eefe090b07d3c7ca653306e42d0",policy|1|true|archive|1|true|registry|1|true,policy|1|true|archive|1|true|registry|1|true,M2_12_VALIDATED|VALIDATED|2026-08-11 10:20:12.911859-04|2026-08-11 13:47:54.935903-04|NULL,M2_12_VALIDATED|VALIDATED|2026-08-11 10:20:12.911859-04|2026-08-11 13:47:54.935903-04|NULL,PASS,PASS,"BEFORE UPDATE OR DELETE archive immutability trigger | Prospective negative-control catalog used prefix ""M2.12 archive is immutable""; approved WP2 R4 physical trigger emits exact message ""M2.12 immutable G3 archive rejects UPDATE or DELETE"". The physical R4 trigger signature governs reachable source construction."
9,M2_12_NEG_009_ARCHIVE_DELETE,ARCHIVE_IMMUTABILITY,P0001,M2.12 archive is immutable,M2.12 immutable G3 archive rejects UPDATE or DELETE,EXACT,"",P0001,M2.12 immutable G3 archive rejects UPDATE or DELETE,"","28d832719a63d5669a18016f15ba43fb","28d832719a63d5669a18016f15ba43fb","1fb58eefe090b07d3c7ca653306e42d0","1fb58eefe090b07d3c7ca653306e42d0",policy|1|true|archive|1|true|registry|1|true,policy|1|true|archive|1|true|registry|1|true,M2_12_VALIDATED|VALIDATED|2026-08-11 10:20:12.911859-04|2026-08-11 13:47:54.935903-04|NULL,M2_12_VALIDATED|VALIDATED|2026-08-11 10:20:12.911859-04|2026-08-11 13:47:54.935903-04|NULL,PASS,PASS,"BEFORE UPDATE OR DELETE archive immutability trigger | Prospective negative-control catalog used prefix ""M2.12 archive is immutable""; approved WP2 R4 physical trigger emits exact message ""M2.12 immutable G3 archive rejects UPDATE or DELETE"". The physical R4 trigger signature governs reachable source construction."
10,M2_12_NEG_010_DUPLICATE_STAGE_CERTIFICATION_KEY,PHYSICAL_CONSTRAINT,"23505",duplicate key value violates unique constraint,duplicate key value violates unique constraint,PREFIX_AND_CONSTRAINT,pk_m212_stage_cert,"23505","duplicate key value violates unique constraint ""pk_m212_stage_cert""",pk_m212_stage_cert,"28d832719a63d5669a18016f15ba43fb","28d832719a63d5669a18016f15ba43fb","1fb58eefe090b07d3c7ca653306e42d0","1fb58eefe090b07d3c7ca653306e42d0",policy|1|true|archive|1|true|registry|1|true,policy|1|true|archive|1|true|registry|1|true,M2_12_VALIDATED|VALIDATED|2026-08-11 10:20:12.911859-04|2026-08-11 13:47:54.935903-04|NULL,M2_12_VALIDATED|VALIDATED|2026-08-11 10:20:12.911859-04|2026-08-11 13:47:54.935903-04|NULL,PASS,PASS,Unique constraint on stage-certification business key | NONE
11,M2_12_NEG_011_DUPLICATE_COMPONENT_CONTRACT_KEY,PHYSICAL_CONSTRAINT,"23505",duplicate key value violates unique constraint,duplicate key value violates unique constraint,PREFIX_AND_CONSTRAINT,pk_m212_component,"23505","duplicate key value violates unique constraint ""pk_m212_component""",pk_m212_component,"28d832719a63d5669a18016f15ba43fb","28d832719a63d5669a18016f15ba43fb","1fb58eefe090b07d3c7ca653306e42d0","1fb58eefe090b07d3c7ca653306e42d0",policy|1|true|archive|1|true|registry|1|true,policy|1|true|archive|1|true|registry|1|true,M2_12_VALIDATED|VALIDATED|2026-08-11 10:20:12.911859-04|2026-08-11 13:47:54.935903-04|NULL,M2_12_VALIDATED|VALIDATED|2026-08-11 10:20:12.911859-04|2026-08-11 13:47:54.935903-04|NULL,PASS,PASS,Unique constraint on component-contract business key | NONE
12,M2_12_NEG_012_EVIDENCE_CERTIFICATION_DEFICIENCY,EVIDENCE_CERTIFICATION,P0001,M2.12 evidence certification incomplete or failed,M2.12 evidence certification incomplete or failed,EXACT,"",P0001,M2.12 evidence certification incomplete or failed,"","28d832719a63d5669a18016f15ba43fb","28d832719a63d5669a18016f15ba43fb","1fb58eefe090b07d3c7ca653306e42d0","1fb58eefe090b07d3c7ca653306e42d0",policy|1|true|archive|1|true|registry|1|true,policy|1|true|archive|1|true|registry|1|true,M2_12_VALIDATED|VALIDATED|2026-08-11 10:20:12.911859-04|2026-08-11 13:47:54.935903-04|NULL,M2_12_VALIDATED|VALIDATED|2026-08-11 10:20:12.911859-04|2026-08-11 13:47:54.935903-04|NULL,PASS,PASS,"72-row completeness and all-PASS assertion | NONE"
13,M2_12_NEG_013_CANONICAL_COUNT_OR_SET_HASH_MISMATCH,CANONICAL_IDENTITY,P0001,M2.12 canonical identity mismatch,M2.12 canonical identity mismatch,EXACT,"",P0001,M2.12 canonical identity mismatch,"","28d832719a63d5669a18016f15ba43fb","28d832719a63d5669a18016f15ba43fb","1fb58eefe090b07d3c7ca653306e42d0","1fb58eefe090b07d3c7ca653306e42d0",policy|1|true|archive|1|true|registry|1|true,policy|1|true|archive|1|true|registry|1|true,M2_12_VALIDATED|VALIDATED|2026-08-11 10:20:12.911859-04|2026-08-11 13:47:54.935903-04|NULL,M2_12_VALIDATED|VALIDATED|2026-08-11 10:20:12.911859-04|2026-08-11 13:47:54.935903-04|NULL,PASS,PASS,Nine-family count/set-hash and 134-entity combined-hash assertion | NONE
14,M2_12_NEG_014_CONTRACT_VERSION_1_RERUN,RERUN_GUARD,P0001,M2.12 contract version 1 already generated,M2.12 contract version 1 already generated,EXACT,"",P0001,M2.12 contract version 1 already generated,"","28d832719a63d5669a18016f15ba43fb","28d832719a63d5669a18016f15ba43fb","1fb58eefe090b07d3c7ca653306e42d0","1fb58eefe090b07d3c7ca653306e42d0",policy|1|true|archive|1|true|registry|1|true,policy|1|true|archive|1|true|registry|1|true,M2_12_VALIDATED|VALIDATED|2026-08-11 10:20:12.911859-04|2026-08-11 13:47:54.935903-04|NULL,M2_12_VALIDATED|VALIDATED|2026-08-11 10:20:12.911859-04|2026-08-11 13:47:54.935903-04|NULL,PASS,PASS,Program 222 pristine-target/rerun assertion | NONE
15,M2_12_NEG_015_APPLICATION_VIEW_GRAIN_MULTIPLICATION,CONSUMPTION_GRAIN,P0001,M2.12 application consumption grain multiplication,M2.12 application consumption grain multiplication,EXACT,"",P0001,M2.12 application consumption grain multiplication,"","28d832719a63d5669a18016f15ba43fb","28d832719a63d5669a18016f15ba43fb","1fb58eefe090b07d3c7ca653306e42d0","1fb58eefe090b07d3c7ca653306e42d0",policy|1|true|archive|1|true|registry|1|true,policy|1|true|archive|1|true|registry|1|true,M2_12_VALIDATED|VALIDATED|2026-08-11 10:20:12.911859-04|2026-08-11 13:47:54.935903-04|NULL,M2_12_VALIDATED|VALIDATED|2026-08-11 10:20:12.911859-04|2026-08-11 13:47:54.935903-04|NULL,PASS,PASS,Application-view grain/count assertion | NONE
16,M2_12_NEG_016_OPERATIONAL_VIEW_ORPHAN_OR_DUPLICATE,CONSUMPTION_GRAIN,P0001,M2.12 operational account grain or lineage violation,M2.12 operational account grain or lineage violation,EXACT,"",P0001,M2.12 operational account grain or lineage violation,"","28d832719a63d5669a18016f15ba43fb","28d832719a63d5669a18016f15ba43fb","1fb58eefe090b07d3c7ca653306e42d0","1fb58eefe090b07d3c7ca653306e42d0",policy|1|true|archive|1|true|registry|1|true,policy|1|true|archive|1|true|registry|1|true,M2_12_VALIDATED|VALIDATED|2026-08-11 10:20:12.911859-04|2026-08-11 13:47:54.935903-04|NULL,M2_12_VALIDATED|VALIDATED|2026-08-11 10:20:12.911859-04|2026-08-11 13:47:54.935903-04|NULL,PASS,PASS,Operational-account view orphan/duplicate assertion | NONE
17,M2_12_NEG_017_STRATEGY_VIEW_GRAIN_CORRUPTION,CONSUMPTION_GRAIN,P0001,M2.12 strategy-scope grain mismatch,M2.12 strategy-scope grain mismatch,EXACT,"",P0001,M2.12 strategy-scope grain mismatch,"","28d832719a63d5669a18016f15ba43fb","28d832719a63d5669a18016f15ba43fb","1fb58eefe090b07d3c7ca653306e42d0","1fb58eefe090b07d3c7ca653306e42d0",policy|1|true|archive|1|true|registry|1|true,policy|1|true|archive|1|true|registry|1|true,M2_12_VALIDATED|VALIDATED|2026-08-11 10:20:12.911859-04|2026-08-11 13:47:54.935903-04|NULL,M2_12_VALIDATED|VALIDATED|2026-08-11 10:20:12.911859-04|2026-08-11 13:47:54.935903-04|NULL,PASS,PASS,Strategy-scope exact 8×3 grain assertion | NONE
18,M2_12_NEG_018_CAPABILITY_OVERCLAIM,CAPABILITY_BOUNDARY,"23514",violates check constraint,violates check constraint,CONTAINS_AND_CONSTRAINT,ck_m212_capability_status,"23514","new row for relation ""module2_capability_coverage_snapshot"" violates check constraint ""ck_m212_capability_status""",ck_m212_capability_status,"28d832719a63d5669a18016f15ba43fb","28d832719a63d5669a18016f15ba43fb","1fb58eefe090b07d3c7ca653306e42d0","1fb58eefe090b07d3c7ca653306e42d0",policy|1|true|archive|1|true|registry|1|true,policy|1|true|archive|1|true|registry|1|true,M2_12_VALIDATED|VALIDATED|2026-08-11 10:20:12.911859-04|2026-08-11 13:47:54.935903-04|NULL,M2_12_VALIDATED|VALIDATED|2026-08-11 10:20:12.911859-04|2026-08-11 13:47:54.935903-04|NULL,PASS,PASS,Capability status/flag check and overclaim assertion | NONE
19,M2_12_NEG_019_PROHIBITED_PRODUCTION_OR_EXTERNAL_ACTION,NONPRODUCTION_BOUNDARY,"23514",violates check constraint,violates check constraint,CONTAINS_AND_CONSTRAINT,ck_m212_policy_boundaries,"23514","new row for relation ""m2_12_policy_profile"" violates check constraint ""ck_m212_policy_boundaries""",ck_m212_policy_boundaries,"28d832719a63d5669a18016f15ba43fb","28d832719a63d5669a18016f15ba43fb","1fb58eefe090b07d3c7ca653306e42d0","1fb58eefe090b07d3c7ca653306e42d0",policy|1|true|archive|1|true|registry|1|true,policy|1|true|archive|1|true|registry|1|true,M2_12_VALIDATED|VALIDATED|2026-08-11 10:20:12.911859-04|2026-08-11 13:47:54.935903-04|NULL,M2_12_VALIDATED|VALIDATED|2026-08-11 10:20:12.911859-04|2026-08-11 13:47:54.935903-04|NULL,PASS,PASS,Non-production boundary check/assertion | NONE
20,M2_12_NEG_020_PREMATURE_MODULE3_OR_UNAUTHORIZED_SOURCE,STAGE_BOUNDARY,P0001,M2.12 unauthorized source or premature Module 3 object,M2.12 unauthorized source or premature Module 3 object,EXACT,"",P0001,M2.12 unauthorized source or premature Module 3 object,"","28d832719a63d5669a18016f15ba43fb","28d832719a63d5669a18016f15ba43fb","1fb58eefe090b07d3c7ca653306e42d0","1fb58eefe090b07d3c7ca653306e42d0",policy|1|true|archive|1|true|registry|1|true,policy|1|true|archive|1|true|registry|1|true,M2_12_VALIDATED|VALIDATED|2026-08-11 10:20:12.911859-04|2026-08-11 13:47:54.935903-04|NULL,M2_12_VALIDATED|VALIDATED|2026-08-11 10:20:12.911859-04|2026-08-11 13:47:54.935903-04|NULL,PASS,PASS,Pristine boundary and authorized-source assertion | NONE
