"family_sequence","control_family","expected_rows","observed_rows","pass_rows","isolation_pass_rows","failure_rows","family_status"
1,ARCHIVE_IMMUTABILITY,2,2,2,2,0,PASS
2,CANONICAL_IDENTITY,1,1,1,1,0,PASS
3,CAPABILITY_BOUNDARY,1,1,1,1,0,PASS
4,CONSUMPTION_GRAIN,3,3,3,3,0,PASS
5,CONTRACT_COMPONENT,1,1,1,1,0,PASS
6,EVIDENCE_CERTIFICATION,1,1,1,1,0,PASS
7,NONPRODUCTION_BOUNDARY,1,1,1,1,0,PASS
8,PHYSICAL_CONSTRAINT,2,2,2,2,0,PASS
9,REPRODUCTION,1,1,1,1,0,PASS
10,RERUN_GUARD,1,1,1,1,0,PASS
11,SOURCE_ACCEPTANCE,2,2,1,2,1,FAIL
12,SOURCE_AUTHORITY,1,1,1,1,0,PASS
13,SOURCE_GRAPH,2,2,2,2,0,PASS
14,STAGE_BOUNDARY,1,1,1,1,0,PASS
