control_code,area,subject,observed,required,status,severity_if_failed,detail
PKG001,PACKAGE,Canonical ZIP physical existence,True,True,PASS,BLOCKER,
PKG002,PACKAGE,Canonical ZIP bytes,492278,492278,PASS,BLOCKER,
PKG003,PACKAGE,Canonical ZIP SHA-256,5dce8642e46aa701cdbe1aaeb75eb8e0a8fd454fc000e8ec4161400a45a3a38c,5dce8642e46aa701cdbe1aaeb75eb8e0a8fd454fc000e8ec4161400a45a3a38c,PASS,BLOCKER,
PKG004,PACKAGE,External sidecar exact pairing,5dce8642e46aa701cdbe1aaeb75eb8e0a8fd454fc000e8ec4161400a45a3a38c  M2_12_STANDALONE_READY_FOR_EXECUTION_R1.zip,5dce8642e46aa701cdbe1aaeb75eb8e0a8fd454fc000e8ec4161400a45a3a38c  M2_12_STANDALONE_READY_FOR_EXECUTION_R1.zip,PASS,BLOCKER,
PKG005,PACKAGE,ZIP CRC,PASS,PASS,PASS,BLOCKER,
PKG006,PACKAGE,ZIP entry count,98,98,PASS,BLOCKER,
PKG007,PACKAGE,Total uncompressed bytes,3926125,3926125,PASS,BLOCKER,
PKG008,PACKAGE,Extracted physical file count,98,98,PASS,BLOCKER,
PKG009,PACKAGE,Unsafe/traversal paths,0,0,PASS,BLOCKER,
PKG010,PACKAGE,Exact duplicate paths,0,0,PASS,BLOCKER,
PKG011,PACKAGE,Case-insensitive duplicate paths,0,0,PASS,BLOCKER,[]
PKG012,PACKAGE,Symbolic links,0,0,PASS,BLOCKER,
PKG013,PACKAGE,Maximum path length,161,<260,PASS,BLOCKER,
PKG014,BOUNDARY,Nested archive/full-project artifacts,0,0,PASS,BLOCKER,
PKG015,BOUNDARY,Executable wrapper scripts,0,0,PASS,BLOCKER,
PKG016,BOUNDARY,Runtime-result-like payloads,0,0,PASS,BLOCKER,
PKG017,BOUNDARY,Stage 31_M2_12 paths,0,0,PASS,BLOCKER,
PKG018,BOUNDARY,Unauthorized Program 228+ SQL,0,0,PASS,BLOCKER,
META001,METADATA,PACKAGE_INVENTORY record count,97,97,PASS,BLOCKER,
META002,METADATA,PACKAGE_INVENTORY physical path coverage,"['01_sql_normal/220_msbf_m2_12_schema_policy_certification_structures_g3_bundle_triggers_views_v1.sql', '01_sql_normal/221_msbf_m2_12_accepted_source_pristine_target_preflight_v1.sql', '01_sql_normal/222_msbf_m2_12_end_to_end_certification_generation_physical_reconciliation_v1.sql', '01_sql_normal/223_msbf_m2_12_positive_validation_128_controls_v1.sql', '01_sql_normal/224_msbf_m2_12_negative_controls_20_isolated_v1.sql', '01_sql_normal/225_msbf_m2_12_acceptance_finalizer_v1.sql', '01_sql_normal/226_msbf_m2_12_master_report_v1.sql', '01_sql_normal/227_msbf_m2_12_detailed_report_24_result_sets_v1.sql', '02_sql_recovery_contingency_only/220A_msbf_m2_12_failed_schema_policy_installation_recovery_v1.sql', '02_sql_recovery_contingency_only/222A_msbf_m2_12_failed_precommit_certification_generation_sequence_state_recovery_v1.sql', '02_sql_recovery_contingency_only/222B_msbf_m2_12_committed_certification_checkpoint_reconstruction_v1.sql', '02_sql_recovery_contingency_only/223A_msbf_m2_12_failed_positive_validation_recovery_v1.sql', '02_sql_recovery_contingency_only/README_RECOVERY_ONLY.md', '03_docs/M2_12_DIRECTED_RECOVERY_GUIDE.md', '03_docs/M2_12_EVIDENCE_CAPTURE_CHECKLIST.md', '03_docs/M2_12_EXPECTED_RESULTS_AND_CHECKPOINT_GUIDE.md', '03_docs/M2_12_ONE_PROGRAM_AT_A_TIME_EXECUTION_GUIDE.md', '03_docs/M2_12_OPERATOR_PRE_EXECUTION_CHECKLIST.md', '03_docs/M2_12_PACKAGE_SCOPE_AND_BOUNDARIES.md', '03_docs/M2_12_POST_EXECUTION_HANDOFF_BOUNDARY.md', '03_docs/M2_12_SOURCE_AND_PROVENANCE_AUTHORITY.md', '03_docs/M2_12_STOP_ON_ERROR_AND_ROLLBACK_PROTOCOL.md', '04_catalogs/M2_12_EVIDENCE_CAPTURE_CATALOG.csv', '04_catalogs/M2_12_EXECUTION_ORDER.csv', '04_catalogs/M2_12_PROGRAM_CHECKPOINT_CATALOG.csv', '04_catalogs/M2_12_RECOVERY_DECISION_MATRIX.csv', '04_catalogs/M2_12_SQL_SOURCE_SHA256_INVENTORY.csv', '04_catalogs/wp3_validation/M2_12_WP3_R1_CONTROL_TRACEABILITY_MATRIX.csv', '04_catalogs/wp3_validation/M2_12_WP3_R1_NEGATIVE_CONTROL_CATALOG.csv', '04_catalogs/wp3_validation/M2_12_WP3_R1_POSITIVE_CONTROL_CATALOG.csv', '04_catalogs/wp4_traceability/M2_12_WP4_R1_ACCEPTANCE_PHASE_ORDER_AUTHORITY.csv', '04_catalogs/wp4_traceability/M2_12_WP4_R1_ACCEPTANCE_REQUIREMENT_TRACEABILITY.csv', '04_catalogs/wp4_traceability/M2_12_WP4_R1_DETAIL_RESULT_SET_TRACEABILITY.csv', '04_catalogs/wp4_traceability/M2_12_WP4_R1_MASTER_REPORT_TRACEABILITY.csv', '04_catalogs/wp4_traceability/M2_12_WP4_R1_MUTATION_AUTHORITY.csv', '05_governance/M2_12_WP5_BUILD_REVIEW.md', '05_governance/M2_12_WP5_SOURCE_AND_PACKAGE_AUTHORITY.md', '05_governance/design_authority/M2_12_ACCEPTANCE_POST_WRITE_ATOMICITY_LITERAL_AUTHORITY_R6.csv', '05_governance/design_authority/M2_12_ACCEPTANCE_REQUIREMENT_MATRIX.csv', '05_governance/design_authority/M2_12_ACCEPTANCE_WRITE_PHASE_SPECIFICATION.csv', '05_governance/design_authority/M2_12_ACCEPTED_SOURCE_AND_CONTRACT_INVENTORY.csv', '05_governance/design_authority/M2_12_DETAIL_RESULT_SET_CATALOG.csv', '05_governance/design_authority/M2_12_EXPECTED_RESULTS.json', '05_governance/design_authority/M2_12_PROGRAM_RESPONSIBILITY_MATRIX.csv', '05_governance/design_authority/M2_12_SOURCE_AND_BUSINESS_DESIGN_FREEZE_AMENDMENT_A.md', '05_governance/design_authority/M2_12_SOURCE_AND_BUSINESS_DESIGN_FREEZE_AND_BUILD_HANDOFF.md', '05_governance/design_authority/M2_12_TRANSACTION_AND_MUTATION_MATRIX.csv', '05_governance/upstream_wp4_source_authority/M2_12_WORK_PACKAGE_4_R1_REVIEW.md', '05_governance/upstream_wp4_source_authority/M2_12_WP4_R1_PACKAGE_IDENTITY_AND_VALIDATION_REPORT.md', '05_governance/upstream_wp4_source_authority/M2_12_WP4_R1_SOURCE_AUTHORITY.md', '05_governance/upstream_wp4_source_authority/M2_12_WP4_R1_SOURCE_IDENTITY.csv', '05_governance/upstream_wp4_source_authority/M2_12_WP4_R1_SOURCE_IDENTITY.json', '05_governance/upstream_wp4_source_authority/M2_12_WP4_R1_SOURCE_IDENTITY.md', '05_governance/upstream_wp4_source_authority/M2_12_WP4_R1_SQL_SOURCE_SHA256_INVENTORY.csv', '06_validation/M2_12_WP5_GOVERNING_INPUT_VALIDATION.csv', '06_validation/M2_12_WP5_GOVERNING_INPUT_VALIDATION.json', '06_validation/M2_12_WP5_PREMANIFEST_SOURCE_TREE_AUDIT.csv', '06_validation/M2_12_WP5_PREPACKAGE_VALIDATION_REPORT.md', '06_validation/M2_12_WP5_SQL_BYTE_PRESERVATION_AUDIT.csv', '06_validation/M2_12_WP5_STATIC_VALIDATION_CONTROLS.csv', '06_validation/M2_12_WP5_STATIC_VALIDATION_SUMMARY.json', '06_validation/upstream_wp4_source_review/M2_12_WP4_R1_ACCEPTANCE_AUTHORITY_RECONCILIATION.csv', '06_validation/upstream_wp4_source_review/M2_12_WP4_R1_ACCEPTANCE_PHASE_ORDER_AUDIT.csv', '06_validation/upstream_wp4_source_review/M2_12_WP4_R1_ACCEPTANCE_RECONCILIATION_REPORT.md', '06_validation/upstream_wp4_source_review/M2_12_WP4_R1_DETAIL_RESULT_SET_TRACEABILITY_AUDIT.csv', '06_validation/upstream_wp4_source_review/M2_12_WP4_R1_GOVERNING_INPUT_PHYSICAL_VALIDATION.csv', '06_validation/upstream_wp4_source_review/M2_12_WP4_R1_GOVERNING_INPUT_PHYSICAL_VALIDATION.json', '06_validation/upstream_wp4_source_review/M2_12_WP4_R1_MASTER_REPORT_TRACEABILITY_AUDIT.csv', '06_validation/upstream_wp4_source_review/M2_12_WP4_R1_PARSER_LEXICAL_CONTROL_DETAIL.csv', '06_validation/upstream_wp4_source_review/M2_12_WP4_R1_PARSER_LEXICAL_CONTROL_DETAIL.json', '06_validation/upstream_wp4_source_review/M2_12_WP4_R1_PHYSICAL_SQL_CHECKPOINT_LEDGER.csv', '06_validation/upstream_wp4_source_review/M2_12_WP4_R1_PREMANIFEST_SOURCE_TREE_AUDIT.csv', '06_validation/upstream_wp4_source_review/M2_12_WP4_R1_REPORT_TRACEABILITY_RECONCILIATION.md', '06_validation/upstream_wp4_source_review/M2_12_WP4_R1_STATIC_SCHEMA_AUDIT_SUMMARY.json', '06_validation/upstream_wp4_source_review/M2_12_WP4_R1_STATIC_SCHEMA_SCOPE_RECONCILIATION.csv', '06_validation/upstream_wp4_source_review/M2_12_WP4_R1_STATIC_SQL_AUDIT.json', '06_validation/upstream_wp4_source_review/M2_12_WP4_R1_STATIC_SQL_AUDIT.md', '06_validation/upstream_wp4_source_review/M2_12_WP4_R1_STATIC_SQL_AUDIT_CONTROLS.csv', '06_validation/upstream_wp4_source_review/M2_12_WP4_R1_TRANSACTION_MUTATION_READ_ONLY_AUDIT.md', '06_validation/upstream_wp4_source_review/M2_12_WP4_R1_TRANSACTION_MUTATION_READ_ONLY_DETAIL.csv', '06_validation/upstream_wp4_source_review/M2_12_WP4_R1_UPSTREAM_BYTE_PRESERVATION_AUDIT.csv', '07_governing_inputs/M2_12_WP2_R4_FINAL_SIGNOFF_AND_WP3_REAUTHORIZATION_20260809.md', '07_governing_inputs/M2_12_WP3_R1_RECONCILED_FINAL_SIGNOFF_AND_WP4_AUTHORIZATION_20260810.md', '07_governing_inputs/M2_12_WP4_R1_FINAL_SIGNOFF_AND_WP5_AUTHORIZATION_20260810.md', '07_governing_inputs/M2_12_WP5_AUTHORIZED_BUILD_PROMPT_20260810.md', '07_governing_inputs/wp4_independent_audit/M2_12_WP4_R1_APPROVED_IDENTITY_20260810.txt', '07_governing_inputs/wp4_independent_audit/M2_12_WP4_R1_FINAL_INDEPENDENT_AUDIT_CONTROLS_20260810.csv', '07_governing_inputs/wp4_independent_audit/M2_12_WP4_R1_FINAL_INDEPENDENT_AUDIT_FINDINGS_20260810.csv', '07_governing_inputs/wp4_independent_audit/M2_12_WP4_R1_FINAL_INDEPENDENT_AUDIT_REPORT_20260810.md', '07_governing_inputs/wp4_independent_audit/M2_12_WP4_R1_FINAL_INDEPENDENT_AUDIT_SUMMARY_20260810.json', '08_live_execution_evidence/README_NO_LIVE_EVIDENCE.md', 'MANIFEST.csv', 'PACKAGE_METADATA.json', 'PACKAGE_STATUS.txt', 'README_FIRST.md', 'SHA256SUMS.txt', 'manifest.json']","['01_sql_normal/220_msbf_m2_12_schema_policy_certification_structures_g3_bundle_triggers_views_v1.sql', '01_sql_normal/221_msbf_m2_12_accepted_source_pristine_target_preflight_v1.sql', '01_sql_normal/222_msbf_m2_12_end_to_end_certification_generation_physical_reconciliation_v1.sql', '01_sql_normal/223_msbf_m2_12_positive_validation_128_controls_v1.sql', '01_sql_normal/224_msbf_m2_12_negative_controls_20_isolated_v1.sql', '01_sql_normal/225_msbf_m2_12_acceptance_finalizer_v1.sql', '01_sql_normal/226_msbf_m2_12_master_report_v1.sql', '01_sql_normal/227_msbf_m2_12_detailed_report_24_result_sets_v1.sql', '02_sql_recovery_contingency_only/220A_msbf_m2_12_failed_schema_policy_installation_recovery_v1.sql', '02_sql_recovery_contingency_only/222A_msbf_m2_12_failed_precommit_certification_generation_sequence_state_recovery_v1.sql', '02_sql_recovery_contingency_only/222B_msbf_m2_12_committed_certification_checkpoint_reconstruction_v1.sql', '02_sql_recovery_contingency_only/223A_msbf_m2_12_failed_positive_validation_recovery_v1.sql', '02_sql_recovery_contingency_only/README_RECOVERY_ONLY.md', '03_docs/M2_12_DIRECTED_RECOVERY_GUIDE.md', '03_docs/M2_12_EVIDENCE_CAPTURE_CHECKLIST.md', '03_docs/M2_12_EXPECTED_RESULTS_AND_CHECKPOINT_GUIDE.md', '03_docs/M2_12_ONE_PROGRAM_AT_A_TIME_EXECUTION_GUIDE.md', '03_docs/M2_12_OPERATOR_PRE_EXECUTION_CHECKLIST.md', '03_docs/M2_12_PACKAGE_SCOPE_AND_BOUNDARIES.md', '03_docs/M2_12_POST_EXECUTION_HANDOFF_BOUNDARY.md', '03_docs/M2_12_SOURCE_AND_PROVENANCE_AUTHORITY.md', '03_docs/M2_12_STOP_ON_ERROR_AND_ROLLBACK_PROTOCOL.md', '04_catalogs/M2_12_EVIDENCE_CAPTURE_CATALOG.csv', '04_catalogs/M2_12_EXECUTION_ORDER.csv', '04_catalogs/M2_12_PROGRAM_CHECKPOINT_CATALOG.csv', '04_catalogs/M2_12_RECOVERY_DECISION_MATRIX.csv', '04_catalogs/M2_12_SQL_SOURCE_SHA256_INVENTORY.csv', '04_catalogs/wp3_validation/M2_12_WP3_R1_CONTROL_TRACEABILITY_MATRIX.csv', '04_catalogs/wp3_validation/M2_12_WP3_R1_NEGATIVE_CONTROL_CATALOG.csv', '04_catalogs/wp3_validation/M2_12_WP3_R1_POSITIVE_CONTROL_CATALOG.csv', '04_catalogs/wp4_traceability/M2_12_WP4_R1_ACCEPTANCE_PHASE_ORDER_AUTHORITY.csv', '04_catalogs/wp4_traceability/M2_12_WP4_R1_ACCEPTANCE_REQUIREMENT_TRACEABILITY.csv', '04_catalogs/wp4_traceability/M2_12_WP4_R1_DETAIL_RESULT_SET_TRACEABILITY.csv', '04_catalogs/wp4_traceability/M2_12_WP4_R1_MASTER_REPORT_TRACEABILITY.csv', '04_catalogs/wp4_traceability/M2_12_WP4_R1_MUTATION_AUTHORITY.csv', '05_governance/M2_12_WP5_BUILD_REVIEW.md', '05_governance/M2_12_WP5_SOURCE_AND_PACKAGE_AUTHORITY.md', '05_governance/design_authority/M2_12_ACCEPTANCE_POST_WRITE_ATOMICITY_LITERAL_AUTHORITY_R6.csv', '05_governance/design_authority/M2_12_ACCEPTANCE_REQUIREMENT_MATRIX.csv', '05_governance/design_authority/M2_12_ACCEPTANCE_WRITE_PHASE_SPECIFICATION.csv', '05_governance/design_authority/M2_12_ACCEPTED_SOURCE_AND_CONTRACT_INVENTORY.csv', '05_governance/design_authority/M2_12_DETAIL_RESULT_SET_CATALOG.csv', '05_governance/design_authority/M2_12_EXPECTED_RESULTS.json', '05_governance/design_authority/M2_12_PROGRAM_RESPONSIBILITY_MATRIX.csv', '05_governance/design_authority/M2_12_SOURCE_AND_BUSINESS_DESIGN_FREEZE_AMENDMENT_A.md', '05_governance/design_authority/M2_12_SOURCE_AND_BUSINESS_DESIGN_FREEZE_AND_BUILD_HANDOFF.md', '05_governance/design_authority/M2_12_TRANSACTION_AND_MUTATION_MATRIX.csv', '05_governance/upstream_wp4_source_authority/M2_12_WORK_PACKAGE_4_R1_REVIEW.md', '05_governance/upstream_wp4_source_authority/M2_12_WP4_R1_PACKAGE_IDENTITY_AND_VALIDATION_REPORT.md', '05_governance/upstream_wp4_source_authority/M2_12_WP4_R1_SOURCE_AUTHORITY.md', '05_governance/upstream_wp4_source_authority/M2_12_WP4_R1_SOURCE_IDENTITY.csv', '05_governance/upstream_wp4_source_authority/M2_12_WP4_R1_SOURCE_IDENTITY.json', '05_governance/upstream_wp4_source_authority/M2_12_WP4_R1_SOURCE_IDENTITY.md', '05_governance/upstream_wp4_source_authority/M2_12_WP4_R1_SQL_SOURCE_SHA256_INVENTORY.csv', '06_validation/M2_12_WP5_GOVERNING_INPUT_VALIDATION.csv', '06_validation/M2_12_WP5_GOVERNING_INPUT_VALIDATION.json', '06_validation/M2_12_WP5_PREMANIFEST_SOURCE_TREE_AUDIT.csv', '06_validation/M2_12_WP5_PREPACKAGE_VALIDATION_REPORT.md', '06_validation/M2_12_WP5_SQL_BYTE_PRESERVATION_AUDIT.csv', '06_validation/M2_12_WP5_STATIC_VALIDATION_CONTROLS.csv', '06_validation/M2_12_WP5_STATIC_VALIDATION_SUMMARY.json', '06_validation/upstream_wp4_source_review/M2_12_WP4_R1_ACCEPTANCE_AUTHORITY_RECONCILIATION.csv', '06_validation/upstream_wp4_source_review/M2_12_WP4_R1_ACCEPTANCE_PHASE_ORDER_AUDIT.csv', '06_validation/upstream_wp4_source_review/M2_12_WP4_R1_ACCEPTANCE_RECONCILIATION_REPORT.md', '06_validation/upstream_wp4_source_review/M2_12_WP4_R1_DETAIL_RESULT_SET_TRACEABILITY_AUDIT.csv', '06_validation/upstream_wp4_source_review/M2_12_WP4_R1_GOVERNING_INPUT_PHYSICAL_VALIDATION.csv', '06_validation/upstream_wp4_source_review/M2_12_WP4_R1_GOVERNING_INPUT_PHYSICAL_VALIDATION.json', '06_validation/upstream_wp4_source_review/M2_12_WP4_R1_MASTER_REPORT_TRACEABILITY_AUDIT.csv', '06_validation/upstream_wp4_source_review/M2_12_WP4_R1_PARSER_LEXICAL_CONTROL_DETAIL.csv', '06_validation/upstream_wp4_source_review/M2_12_WP4_R1_PARSER_LEXICAL_CONTROL_DETAIL.json', '06_validation/upstream_wp4_source_review/M2_12_WP4_R1_PHYSICAL_SQL_CHECKPOINT_LEDGER.csv', '06_validation/upstream_wp4_source_review/M2_12_WP4_R1_PREMANIFEST_SOURCE_TREE_AUDIT.csv', '06_validation/upstream_wp4_source_review/M2_12_WP4_R1_REPORT_TRACEABILITY_RECONCILIATION.md', '06_validation/upstream_wp4_source_review/M2_12_WP4_R1_STATIC_SCHEMA_AUDIT_SUMMARY.json', '06_validation/upstream_wp4_source_review/M2_12_WP4_R1_STATIC_SCHEMA_SCOPE_RECONCILIATION.csv', '06_validation/upstream_wp4_source_review/M2_12_WP4_R1_STATIC_SQL_AUDIT.json', '06_validation/upstream_wp4_source_review/M2_12_WP4_R1_STATIC_SQL_AUDIT.md', '06_validation/upstream_wp4_source_review/M2_12_WP4_R1_STATIC_SQL_AUDIT_CONTROLS.csv', '06_validation/upstream_wp4_source_review/M2_12_WP4_R1_TRANSACTION_MUTATION_READ_ONLY_AUDIT.md', '06_validation/upstream_wp4_source_review/M2_12_WP4_R1_TRANSACTION_MUTATION_READ_ONLY_DETAIL.csv', '06_validation/upstream_wp4_source_review/M2_12_WP4_R1_UPSTREAM_BYTE_PRESERVATION_AUDIT.csv', '07_governing_inputs/M2_12_WP2_R4_FINAL_SIGNOFF_AND_WP3_REAUTHORIZATION_20260809.md', '07_governing_inputs/M2_12_WP3_R1_RECONCILED_FINAL_SIGNOFF_AND_WP4_AUTHORIZATION_20260810.md', '07_governing_inputs/M2_12_WP4_R1_FINAL_SIGNOFF_AND_WP5_AUTHORIZATION_20260810.md', '07_governing_inputs/M2_12_WP5_AUTHORIZED_BUILD_PROMPT_20260810.md', '07_governing_inputs/wp4_independent_audit/M2_12_WP4_R1_APPROVED_IDENTITY_20260810.txt', '07_governing_inputs/wp4_independent_audit/M2_12_WP4_R1_FINAL_INDEPENDENT_AUDIT_CONTROLS_20260810.csv', '07_governing_inputs/wp4_independent_audit/M2_12_WP4_R1_FINAL_INDEPENDENT_AUDIT_FINDINGS_20260810.csv', '07_governing_inputs/wp4_independent_audit/M2_12_WP4_R1_FINAL_INDEPENDENT_AUDIT_REPORT_20260810.md', '07_governing_inputs/wp4_independent_audit/M2_12_WP4_R1_FINAL_INDEPENDENT_AUDIT_SUMMARY_20260810.json', '08_live_execution_evidence/README_NO_LIVE_EVIDENCE.md', 'MANIFEST.csv', 'PACKAGE_METADATA.json', 'PACKAGE_STATUS.txt', 'README_FIRST.md', 'SHA256SUMS.txt', 'manifest.json']",PASS,BLOCKER,
META003,METADATA,PACKAGE_INVENTORY byte/hash parity,97,97,PASS,BLOCKER,
META004,METADATA,MANIFEST record count,94,94,PASS,BLOCKER,
META005,METADATA,MANIFEST coverage by inventory flag,"['01_sql_normal/220_msbf_m2_12_schema_policy_certification_structures_g3_bundle_triggers_views_v1.sql', '01_sql_normal/221_msbf_m2_12_accepted_source_pristine_target_preflight_v1.sql', '01_sql_normal/222_msbf_m2_12_end_to_end_certification_generation_physical_reconciliation_v1.sql', '01_sql_normal/223_msbf_m2_12_positive_validation_128_controls_v1.sql', '01_sql_normal/224_msbf_m2_12_negative_controls_20_isolated_v1.sql', '01_sql_normal/225_msbf_m2_12_acceptance_finalizer_v1.sql', '01_sql_normal/226_msbf_m2_12_master_report_v1.sql', '01_sql_normal/227_msbf_m2_12_detailed_report_24_result_sets_v1.sql', '02_sql_recovery_contingency_only/220A_msbf_m2_12_failed_schema_policy_installation_recovery_v1.sql', '02_sql_recovery_contingency_only/222A_msbf_m2_12_failed_precommit_certification_generation_sequence_state_recovery_v1.sql', '02_sql_recovery_contingency_only/222B_msbf_m2_12_committed_certification_checkpoint_reconstruction_v1.sql', '02_sql_recovery_contingency_only/223A_msbf_m2_12_failed_positive_validation_recovery_v1.sql', '02_sql_recovery_contingency_only/README_RECOVERY_ONLY.md', '03_docs/M2_12_DIRECTED_RECOVERY_GUIDE.md', '03_docs/M2_12_EVIDENCE_CAPTURE_CHECKLIST.md', '03_docs/M2_12_EXPECTED_RESULTS_AND_CHECKPOINT_GUIDE.md', '03_docs/M2_12_ONE_PROGRAM_AT_A_TIME_EXECUTION_GUIDE.md', '03_docs/M2_12_OPERATOR_PRE_EXECUTION_CHECKLIST.md', '03_docs/M2_12_PACKAGE_SCOPE_AND_BOUNDARIES.md', '03_docs/M2_12_POST_EXECUTION_HANDOFF_BOUNDARY.md', '03_docs/M2_12_SOURCE_AND_PROVENANCE_AUTHORITY.md', '03_docs/M2_12_STOP_ON_ERROR_AND_ROLLBACK_PROTOCOL.md', '04_catalogs/M2_12_EVIDENCE_CAPTURE_CATALOG.csv', '04_catalogs/M2_12_EXECUTION_ORDER.csv', '04_catalogs/M2_12_PROGRAM_CHECKPOINT_CATALOG.csv', '04_catalogs/M2_12_RECOVERY_DECISION_MATRIX.csv', '04_catalogs/M2_12_SQL_SOURCE_SHA256_INVENTORY.csv', '04_catalogs/wp3_validation/M2_12_WP3_R1_CONTROL_TRACEABILITY_MATRIX.csv', '04_catalogs/wp3_validation/M2_12_WP3_R1_NEGATIVE_CONTROL_CATALOG.csv', '04_catalogs/wp3_validation/M2_12_WP3_R1_POSITIVE_CONTROL_CATALOG.csv', '04_catalogs/wp4_traceability/M2_12_WP4_R1_ACCEPTANCE_PHASE_ORDER_AUTHORITY.csv', '04_catalogs/wp4_traceability/M2_12_WP4_R1_ACCEPTANCE_REQUIREMENT_TRACEABILITY.csv', '04_catalogs/wp4_traceability/M2_12_WP4_R1_DETAIL_RESULT_SET_TRACEABILITY.csv', '04_catalogs/wp4_traceability/M2_12_WP4_R1_MASTER_REPORT_TRACEABILITY.csv', '04_catalogs/wp4_traceability/M2_12_WP4_R1_MUTATION_AUTHORITY.csv', '05_governance/M2_12_WP5_BUILD_REVIEW.md', '05_governance/M2_12_WP5_SOURCE_AND_PACKAGE_AUTHORITY.md', '05_governance/design_authority/M2_12_ACCEPTANCE_POST_WRITE_ATOMICITY_LITERAL_AUTHORITY_R6.csv', '05_governance/design_authority/M2_12_ACCEPTANCE_REQUIREMENT_MATRIX.csv', '05_governance/design_authority/M2_12_ACCEPTANCE_WRITE_PHASE_SPECIFICATION.csv', '05_governance/design_authority/M2_12_ACCEPTED_SOURCE_AND_CONTRACT_INVENTORY.csv', '05_governance/design_authority/M2_12_DETAIL_RESULT_SET_CATALOG.csv', '05_governance/design_authority/M2_12_EXPECTED_RESULTS.json', '05_governance/design_authority/M2_12_PROGRAM_RESPONSIBILITY_MATRIX.csv', '05_governance/design_authority/M2_12_SOURCE_AND_BUSINESS_DESIGN_FREEZE_AMENDMENT_A.md', '05_governance/design_authority/M2_12_SOURCE_AND_BUSINESS_DESIGN_FREEZE_AND_BUILD_HANDOFF.md', '05_governance/design_authority/M2_12_TRANSACTION_AND_MUTATION_MATRIX.csv', '05_governance/upstream_wp4_source_authority/M2_12_WORK_PACKAGE_4_R1_REVIEW.md', '05_governance/upstream_wp4_source_authority/M2_12_WP4_R1_PACKAGE_IDENTITY_AND_VALIDATION_REPORT.md', '05_governance/upstream_wp4_source_authority/M2_12_WP4_R1_SOURCE_AUTHORITY.md', '05_governance/upstream_wp4_source_authority/M2_12_WP4_R1_SOURCE_IDENTITY.csv', '05_governance/upstream_wp4_source_authority/M2_12_WP4_R1_SOURCE_IDENTITY.json', '05_governance/upstream_wp4_source_authority/M2_12_WP4_R1_SOURCE_IDENTITY.md', '05_governance/upstream_wp4_source_authority/M2_12_WP4_R1_SQL_SOURCE_SHA256_INVENTORY.csv', '06_validation/M2_12_WP5_GOVERNING_INPUT_VALIDATION.csv', '06_validation/M2_12_WP5_GOVERNING_INPUT_VALIDATION.json', '06_validation/M2_12_WP5_PREMANIFEST_SOURCE_TREE_AUDIT.csv', '06_validation/M2_12_WP5_PREPACKAGE_VALIDATION_REPORT.md', '06_validation/M2_12_WP5_SQL_BYTE_PRESERVATION_AUDIT.csv', '06_validation/M2_12_WP5_STATIC_VALIDATION_CONTROLS.csv', '06_validation/M2_12_WP5_STATIC_VALIDATION_SUMMARY.json', '06_validation/upstream_wp4_source_review/M2_12_WP4_R1_ACCEPTANCE_AUTHORITY_RECONCILIATION.csv', '06_validation/upstream_wp4_source_review/M2_12_WP4_R1_ACCEPTANCE_PHASE_ORDER_AUDIT.csv', '06_validation/upstream_wp4_source_review/M2_12_WP4_R1_ACCEPTANCE_RECONCILIATION_REPORT.md', '06_validation/upstream_wp4_source_review/M2_12_WP4_R1_DETAIL_RESULT_SET_TRACEABILITY_AUDIT.csv', '06_validation/upstream_wp4_source_review/M2_12_WP4_R1_GOVERNING_INPUT_PHYSICAL_VALIDATION.csv', '06_validation/upstream_wp4_source_review/M2_12_WP4_R1_GOVERNING_INPUT_PHYSICAL_VALIDATION.json', '06_validation/upstream_wp4_source_review/M2_12_WP4_R1_MASTER_REPORT_TRACEABILITY_AUDIT.csv', '06_validation/upstream_wp4_source_review/M2_12_WP4_R1_PARSER_LEXICAL_CONTROL_DETAIL.csv', '06_validation/upstream_wp4_source_review/M2_12_WP4_R1_PARSER_LEXICAL_CONTROL_DETAIL.json', '06_validation/upstream_wp4_source_review/M2_12_WP4_R1_PHYSICAL_SQL_CHECKPOINT_LEDGER.csv', '06_validation/upstream_wp4_source_review/M2_12_WP4_R1_PREMANIFEST_SOURCE_TREE_AUDIT.csv', '06_validation/upstream_wp4_source_review/M2_12_WP4_R1_REPORT_TRACEABILITY_RECONCILIATION.md', '06_validation/upstream_wp4_source_review/M2_12_WP4_R1_STATIC_SCHEMA_AUDIT_SUMMARY.json', '06_validation/upstream_wp4_source_review/M2_12_WP4_R1_STATIC_SCHEMA_SCOPE_RECONCILIATION.csv', '06_validation/upstream_wp4_source_review/M2_12_WP4_R1_STATIC_SQL_AUDIT.json', '06_validation/upstream_wp4_source_review/M2_12_WP4_R1_STATIC_SQL_AUDIT.md', '06_validation/upstream_wp4_source_review/M2_12_WP4_R1_STATIC_SQL_AUDIT_CONTROLS.csv', '06_validation/upstream_wp4_source_review/M2_12_WP4_R1_TRANSACTION_MUTATION_READ_ONLY_AUDIT.md', '06_validation/upstream_wp4_source_review/M2_12_WP4_R1_TRANSACTION_MUTATION_READ_ONLY_DETAIL.csv', '06_validation/upstream_wp4_source_review/M2_12_WP4_R1_UPSTREAM_BYTE_PRESERVATION_AUDIT.csv', '07_governing_inputs/M2_12_WP2_R4_FINAL_SIGNOFF_AND_WP3_REAUTHORIZATION_20260809.md', '07_governing_inputs/M2_12_WP3_R1_RECONCILED_FINAL_SIGNOFF_AND_WP4_AUTHORIZATION_20260810.md', '07_governing_inputs/M2_12_WP4_R1_FINAL_SIGNOFF_AND_WP5_AUTHORIZATION_20260810.md', '07_governing_inputs/M2_12_WP5_AUTHORIZED_BUILD_PROMPT_20260810.md', '07_governing_inputs/wp4_independent_audit/M2_12_WP4_R1_APPROVED_IDENTITY_20260810.txt', '07_governing_inputs/wp4_independent_audit/M2_12_WP4_R1_FINAL_INDEPENDENT_AUDIT_CONTROLS_20260810.csv', '07_governing_inputs/wp4_independent_audit/M2_12_WP4_R1_FINAL_INDEPENDENT_AUDIT_FINDINGS_20260810.csv', '07_governing_inputs/wp4_independent_audit/M2_12_WP4_R1_FINAL_INDEPENDENT_AUDIT_REPORT_20260810.md', '07_governing_inputs/wp4_independent_audit/M2_12_WP4_R1_FINAL_INDEPENDENT_AUDIT_SUMMARY_20260810.json', '08_live_execution_evidence/README_NO_LIVE_EVIDENCE.md', 'PACKAGE_METADATA.json', 'PACKAGE_STATUS.txt', 'README_FIRST.md']","['01_sql_normal/220_msbf_m2_12_schema_policy_certification_structures_g3_bundle_triggers_views_v1.sql', '01_sql_normal/221_msbf_m2_12_accepted_source_pristine_target_preflight_v1.sql', '01_sql_normal/222_msbf_m2_12_end_to_end_certification_generation_physical_reconciliation_v1.sql', '01_sql_normal/223_msbf_m2_12_positive_validation_128_controls_v1.sql', '01_sql_normal/224_msbf_m2_12_negative_controls_20_isolated_v1.sql', '01_sql_normal/225_msbf_m2_12_acceptance_finalizer_v1.sql', '01_sql_normal/226_msbf_m2_12_master_report_v1.sql', '01_sql_normal/227_msbf_m2_12_detailed_report_24_result_sets_v1.sql', '02_sql_recovery_contingency_only/220A_msbf_m2_12_failed_schema_policy_installation_recovery_v1.sql', '02_sql_recovery_contingency_only/222A_msbf_m2_12_failed_precommit_certification_generation_sequence_state_recovery_v1.sql', '02_sql_recovery_contingency_only/222B_msbf_m2_12_committed_certification_checkpoint_reconstruction_v1.sql', '02_sql_recovery_contingency_only/223A_msbf_m2_12_failed_positive_validation_recovery_v1.sql', '02_sql_recovery_contingency_only/README_RECOVERY_ONLY.md', '03_docs/M2_12_DIRECTED_RECOVERY_GUIDE.md', '03_docs/M2_12_EVIDENCE_CAPTURE_CHECKLIST.md', '03_docs/M2_12_EXPECTED_RESULTS_AND_CHECKPOINT_GUIDE.md', '03_docs/M2_12_ONE_PROGRAM_AT_A_TIME_EXECUTION_GUIDE.md', '03_docs/M2_12_OPERATOR_PRE_EXECUTION_CHECKLIST.md', '03_docs/M2_12_PACKAGE_SCOPE_AND_BOUNDARIES.md', '03_docs/M2_12_POST_EXECUTION_HANDOFF_BOUNDARY.md', '03_docs/M2_12_SOURCE_AND_PROVENANCE_AUTHORITY.md', '03_docs/M2_12_STOP_ON_ERROR_AND_ROLLBACK_PROTOCOL.md', '04_catalogs/M2_12_EVIDENCE_CAPTURE_CATALOG.csv', '04_catalogs/M2_12_EXECUTION_ORDER.csv', '04_catalogs/M2_12_PROGRAM_CHECKPOINT_CATALOG.csv', '04_catalogs/M2_12_RECOVERY_DECISION_MATRIX.csv', '04_catalogs/M2_12_SQL_SOURCE_SHA256_INVENTORY.csv', '04_catalogs/wp3_validation/M2_12_WP3_R1_CONTROL_TRACEABILITY_MATRIX.csv', '04_catalogs/wp3_validation/M2_12_WP3_R1_NEGATIVE_CONTROL_CATALOG.csv', '04_catalogs/wp3_validation/M2_12_WP3_R1_POSITIVE_CONTROL_CATALOG.csv', '04_catalogs/wp4_traceability/M2_12_WP4_R1_ACCEPTANCE_PHASE_ORDER_AUTHORITY.csv', '04_catalogs/wp4_traceability/M2_12_WP4_R1_ACCEPTANCE_REQUIREMENT_TRACEABILITY.csv', '04_catalogs/wp4_traceability/M2_12_WP4_R1_DETAIL_RESULT_SET_TRACEABILITY.csv', '04_catalogs/wp4_traceability/M2_12_WP4_R1_MASTER_REPORT_TRACEABILITY.csv', '04_catalogs/wp4_traceability/M2_12_WP4_R1_MUTATION_AUTHORITY.csv', '05_governance/M2_12_WP5_BUILD_REVIEW.md', '05_governance/M2_12_WP5_SOURCE_AND_PACKAGE_AUTHORITY.md', '05_governance/design_authority/M2_12_ACCEPTANCE_POST_WRITE_ATOMICITY_LITERAL_AUTHORITY_R6.csv', '05_governance/design_authority/M2_12_ACCEPTANCE_REQUIREMENT_MATRIX.csv', '05_governance/design_authority/M2_12_ACCEPTANCE_WRITE_PHASE_SPECIFICATION.csv', '05_governance/design_authority/M2_12_ACCEPTED_SOURCE_AND_CONTRACT_INVENTORY.csv', '05_governance/design_authority/M2_12_DETAIL_RESULT_SET_CATALOG.csv', '05_governance/design_authority/M2_12_EXPECTED_RESULTS.json', '05_governance/design_authority/M2_12_PROGRAM_RESPONSIBILITY_MATRIX.csv', '05_governance/design_authority/M2_12_SOURCE_AND_BUSINESS_DESIGN_FREEZE_AMENDMENT_A.md', '05_governance/design_authority/M2_12_SOURCE_AND_BUSINESS_DESIGN_FREEZE_AND_BUILD_HANDOFF.md', '05_governance/design_authority/M2_12_TRANSACTION_AND_MUTATION_MATRIX.csv', '05_governance/upstream_wp4_source_authority/M2_12_WORK_PACKAGE_4_R1_REVIEW.md', '05_governance/upstream_wp4_source_authority/M2_12_WP4_R1_PACKAGE_IDENTITY_AND_VALIDATION_REPORT.md', '05_governance/upstream_wp4_source_authority/M2_12_WP4_R1_SOURCE_AUTHORITY.md', '05_governance/upstream_wp4_source_authority/M2_12_WP4_R1_SOURCE_IDENTITY.csv', '05_governance/upstream_wp4_source_authority/M2_12_WP4_R1_SOURCE_IDENTITY.json', '05_governance/upstream_wp4_source_authority/M2_12_WP4_R1_SOURCE_IDENTITY.md', '05_governance/upstream_wp4_source_authority/M2_12_WP4_R1_SQL_SOURCE_SHA256_INVENTORY.csv', '06_validation/M2_12_WP5_GOVERNING_INPUT_VALIDATION.csv', '06_validation/M2_12_WP5_GOVERNING_INPUT_VALIDATION.json', '06_validation/M2_12_WP5_PREMANIFEST_SOURCE_TREE_AUDIT.csv', '06_validation/M2_12_WP5_PREPACKAGE_VALIDATION_REPORT.md', '06_validation/M2_12_WP5_SQL_BYTE_PRESERVATION_AUDIT.csv', '06_validation/M2_12_WP5_STATIC_VALIDATION_CONTROLS.csv', '06_validation/M2_12_WP5_STATIC_VALIDATION_SUMMARY.json', '06_validation/upstream_wp4_source_review/M2_12_WP4_R1_ACCEPTANCE_AUTHORITY_RECONCILIATION.csv', '06_validation/upstream_wp4_source_review/M2_12_WP4_R1_ACCEPTANCE_PHASE_ORDER_AUDIT.csv', '06_validation/upstream_wp4_source_review/M2_12_WP4_R1_ACCEPTANCE_RECONCILIATION_REPORT.md', '06_validation/upstream_wp4_source_review/M2_12_WP4_R1_DETAIL_RESULT_SET_TRACEABILITY_AUDIT.csv', '06_validation/upstream_wp4_source_review/M2_12_WP4_R1_GOVERNING_INPUT_PHYSICAL_VALIDATION.csv', '06_validation/upstream_wp4_source_review/M2_12_WP4_R1_GOVERNING_INPUT_PHYSICAL_VALIDATION.json', '06_validation/upstream_wp4_source_review/M2_12_WP4_R1_MASTER_REPORT_TRACEABILITY_AUDIT.csv', '06_validation/upstream_wp4_source_review/M2_12_WP4_R1_PARSER_LEXICAL_CONTROL_DETAIL.csv', '06_validation/upstream_wp4_source_review/M2_12_WP4_R1_PARSER_LEXICAL_CONTROL_DETAIL.json', '06_validation/upstream_wp4_source_review/M2_12_WP4_R1_PHYSICAL_SQL_CHECKPOINT_LEDGER.csv', '06_validation/upstream_wp4_source_review/M2_12_WP4_R1_PREMANIFEST_SOURCE_TREE_AUDIT.csv', '06_validation/upstream_wp4_source_review/M2_12_WP4_R1_REPORT_TRACEABILITY_RECONCILIATION.md', '06_validation/upstream_wp4_source_review/M2_12_WP4_R1_STATIC_SCHEMA_AUDIT_SUMMARY.json', '06_validation/upstream_wp4_source_review/M2_12_WP4_R1_STATIC_SCHEMA_SCOPE_RECONCILIATION.csv', '06_validation/upstream_wp4_source_review/M2_12_WP4_R1_STATIC_SQL_AUDIT.json', '06_validation/upstream_wp4_source_review/M2_12_WP4_R1_STATIC_SQL_AUDIT.md', '06_validation/upstream_wp4_source_review/M2_12_WP4_R1_STATIC_SQL_AUDIT_CONTROLS.csv', '06_validation/upstream_wp4_source_review/M2_12_WP4_R1_TRANSACTION_MUTATION_READ_ONLY_AUDIT.md', '06_validation/upstream_wp4_source_review/M2_12_WP4_R1_TRANSACTION_MUTATION_READ_ONLY_DETAIL.csv', '06_validation/upstream_wp4_source_review/M2_12_WP4_R1_UPSTREAM_BYTE_PRESERVATION_AUDIT.csv', '07_governing_inputs/M2_12_WP2_R4_FINAL_SIGNOFF_AND_WP3_REAUTHORIZATION_20260809.md', '07_governing_inputs/M2_12_WP3_R1_RECONCILED_FINAL_SIGNOFF_AND_WP4_AUTHORIZATION_20260810.md', '07_governing_inputs/M2_12_WP4_R1_FINAL_SIGNOFF_AND_WP5_AUTHORIZATION_20260810.md', '07_governing_inputs/M2_12_WP5_AUTHORIZED_BUILD_PROMPT_20260810.md', '07_governing_inputs/wp4_independent_audit/M2_12_WP4_R1_APPROVED_IDENTITY_20260810.txt', '07_governing_inputs/wp4_independent_audit/M2_12_WP4_R1_FINAL_INDEPENDENT_AUDIT_CONTROLS_20260810.csv', '07_governing_inputs/wp4_independent_audit/M2_12_WP4_R1_FINAL_INDEPENDENT_AUDIT_FINDINGS_20260810.csv', '07_governing_inputs/wp4_independent_audit/M2_12_WP4_R1_FINAL_INDEPENDENT_AUDIT_REPORT_20260810.md', '07_governing_inputs/wp4_independent_audit/M2_12_WP4_R1_FINAL_INDEPENDENT_AUDIT_SUMMARY_20260810.json', '08_live_execution_evidence/README_NO_LIVE_EVIDENCE.md', 'PACKAGE_METADATA.json', 'PACKAGE_STATUS.txt', 'README_FIRST.md']",PASS,BLOCKER,
META006,METADATA,MANIFEST byte/hash parity,94,94,PASS,BLOCKER,
META007,METADATA,manifest.json record count,94,94,PASS,BLOCKER,
META008,METADATA,manifest.json exact parity to MANIFEST.csv,94,94,PASS,BLOCKER,
META009,METADATA,SHA256SUMS record count,96,96,PASS,BLOCKER,
META010,METADATA,SHA256SUMS coverage by inventory flag,"['01_sql_normal/220_msbf_m2_12_schema_policy_certification_structures_g3_bundle_triggers_views_v1.sql', '01_sql_normal/221_msbf_m2_12_accepted_source_pristine_target_preflight_v1.sql', '01_sql_normal/222_msbf_m2_12_end_to_end_certification_generation_physical_reconciliation_v1.sql', '01_sql_normal/223_msbf_m2_12_positive_validation_128_controls_v1.sql', '01_sql_normal/224_msbf_m2_12_negative_controls_20_isolated_v1.sql', '01_sql_normal/225_msbf_m2_12_acceptance_finalizer_v1.sql', '01_sql_normal/226_msbf_m2_12_master_report_v1.sql', '01_sql_normal/227_msbf_m2_12_detailed_report_24_result_sets_v1.sql', '02_sql_recovery_contingency_only/220A_msbf_m2_12_failed_schema_policy_installation_recovery_v1.sql', '02_sql_recovery_contingency_only/222A_msbf_m2_12_failed_precommit_certification_generation_sequence_state_recovery_v1.sql', '02_sql_recovery_contingency_only/222B_msbf_m2_12_committed_certification_checkpoint_reconstruction_v1.sql', '02_sql_recovery_contingency_only/223A_msbf_m2_12_failed_positive_validation_recovery_v1.sql', '02_sql_recovery_contingency_only/README_RECOVERY_ONLY.md', '03_docs/M2_12_DIRECTED_RECOVERY_GUIDE.md', '03_docs/M2_12_EVIDENCE_CAPTURE_CHECKLIST.md', '03_docs/M2_12_EXPECTED_RESULTS_AND_CHECKPOINT_GUIDE.md', '03_docs/M2_12_ONE_PROGRAM_AT_A_TIME_EXECUTION_GUIDE.md', '03_docs/M2_12_OPERATOR_PRE_EXECUTION_CHECKLIST.md', '03_docs/M2_12_PACKAGE_SCOPE_AND_BOUNDARIES.md', '03_docs/M2_12_POST_EXECUTION_HANDOFF_BOUNDARY.md', '03_docs/M2_12_SOURCE_AND_PROVENANCE_AUTHORITY.md', '03_docs/M2_12_STOP_ON_ERROR_AND_ROLLBACK_PROTOCOL.md', '04_catalogs/M2_12_EVIDENCE_CAPTURE_CATALOG.csv', '04_catalogs/M2_12_EXECUTION_ORDER.csv', '04_catalogs/M2_12_PROGRAM_CHECKPOINT_CATALOG.csv', '04_catalogs/M2_12_RECOVERY_DECISION_MATRIX.csv', '04_catalogs/M2_12_SQL_SOURCE_SHA256_INVENTORY.csv', '04_catalogs/wp3_validation/M2_12_WP3_R1_CONTROL_TRACEABILITY_MATRIX.csv', '04_catalogs/wp3_validation/M2_12_WP3_R1_NEGATIVE_CONTROL_CATALOG.csv', '04_catalogs/wp3_validation/M2_12_WP3_R1_POSITIVE_CONTROL_CATALOG.csv', '04_catalogs/wp4_traceability/M2_12_WP4_R1_ACCEPTANCE_PHASE_ORDER_AUTHORITY.csv', '04_catalogs/wp4_traceability/M2_12_WP4_R1_ACCEPTANCE_REQUIREMENT_TRACEABILITY.csv', '04_catalogs/wp4_traceability/M2_12_WP4_R1_DETAIL_RESULT_SET_TRACEABILITY.csv', '04_catalogs/wp4_traceability/M2_12_WP4_R1_MASTER_REPORT_TRACEABILITY.csv', '04_catalogs/wp4_traceability/M2_12_WP4_R1_MUTATION_AUTHORITY.csv', '05_governance/M2_12_WP5_BUILD_REVIEW.md', '05_governance/M2_12_WP5_SOURCE_AND_PACKAGE_AUTHORITY.md', '05_governance/design_authority/M2_12_ACCEPTANCE_POST_WRITE_ATOMICITY_LITERAL_AUTHORITY_R6.csv', '05_governance/design_authority/M2_12_ACCEPTANCE_REQUIREMENT_MATRIX.csv', '05_governance/design_authority/M2_12_ACCEPTANCE_WRITE_PHASE_SPECIFICATION.csv', '05_governance/design_authority/M2_12_ACCEPTED_SOURCE_AND_CONTRACT_INVENTORY.csv', '05_governance/design_authority/M2_12_DETAIL_RESULT_SET_CATALOG.csv', '05_governance/design_authority/M2_12_EXPECTED_RESULTS.json', '05_governance/design_authority/M2_12_PROGRAM_RESPONSIBILITY_MATRIX.csv', '05_governance/design_authority/M2_12_SOURCE_AND_BUSINESS_DESIGN_FREEZE_AMENDMENT_A.md', '05_governance/design_authority/M2_12_SOURCE_AND_BUSINESS_DESIGN_FREEZE_AND_BUILD_HANDOFF.md', '05_governance/design_authority/M2_12_TRANSACTION_AND_MUTATION_MATRIX.csv', '05_governance/upstream_wp4_source_authority/M2_12_WORK_PACKAGE_4_R1_REVIEW.md', '05_governance/upstream_wp4_source_authority/M2_12_WP4_R1_PACKAGE_IDENTITY_AND_VALIDATION_REPORT.md', '05_governance/upstream_wp4_source_authority/M2_12_WP4_R1_SOURCE_AUTHORITY.md', '05_governance/upstream_wp4_source_authority/M2_12_WP4_R1_SOURCE_IDENTITY.csv', '05_governance/upstream_wp4_source_authority/M2_12_WP4_R1_SOURCE_IDENTITY.json', '05_governance/upstream_wp4_source_authority/M2_12_WP4_R1_SOURCE_IDENTITY.md', '05_governance/upstream_wp4_source_authority/M2_12_WP4_R1_SQL_SOURCE_SHA256_INVENTORY.csv', '06_validation/M2_12_WP5_GOVERNING_INPUT_VALIDATION.csv', '06_validation/M2_12_WP5_GOVERNING_INPUT_VALIDATION.json', '06_validation/M2_12_WP5_PREMANIFEST_SOURCE_TREE_AUDIT.csv', '06_validation/M2_12_WP5_PREPACKAGE_VALIDATION_REPORT.md', '06_validation/M2_12_WP5_SQL_BYTE_PRESERVATION_AUDIT.csv', '06_validation/M2_12_WP5_STATIC_VALIDATION_CONTROLS.csv', '06_validation/M2_12_WP5_STATIC_VALIDATION_SUMMARY.json', '06_validation/upstream_wp4_source_review/M2_12_WP4_R1_ACCEPTANCE_AUTHORITY_RECONCILIATION.csv', '06_validation/upstream_wp4_source_review/M2_12_WP4_R1_ACCEPTANCE_PHASE_ORDER_AUDIT.csv', '06_validation/upstream_wp4_source_review/M2_12_WP4_R1_ACCEPTANCE_RECONCILIATION_REPORT.md', '06_validation/upstream_wp4_source_review/M2_12_WP4_R1_DETAIL_RESULT_SET_TRACEABILITY_AUDIT.csv', '06_validation/upstream_wp4_source_review/M2_12_WP4_R1_GOVERNING_INPUT_PHYSICAL_VALIDATION.csv', '06_validation/upstream_wp4_source_review/M2_12_WP4_R1_GOVERNING_INPUT_PHYSICAL_VALIDATION.json', '06_validation/upstream_wp4_source_review/M2_12_WP4_R1_MASTER_REPORT_TRACEABILITY_AUDIT.csv', '06_validation/upstream_wp4_source_review/M2_12_WP4_R1_PARSER_LEXICAL_CONTROL_DETAIL.csv', '06_validation/upstream_wp4_source_review/M2_12_WP4_R1_PARSER_LEXICAL_CONTROL_DETAIL.json', '06_validation/upstream_wp4_source_review/M2_12_WP4_R1_PHYSICAL_SQL_CHECKPOINT_LEDGER.csv', '06_validation/upstream_wp4_source_review/M2_12_WP4_R1_PREMANIFEST_SOURCE_TREE_AUDIT.csv', '06_validation/upstream_wp4_source_review/M2_12_WP4_R1_REPORT_TRACEABILITY_RECONCILIATION.md', '06_validation/upstream_wp4_source_review/M2_12_WP4_R1_STATIC_SCHEMA_AUDIT_SUMMARY.json', '06_validation/upstream_wp4_source_review/M2_12_WP4_R1_STATIC_SCHEMA_SCOPE_RECONCILIATION.csv', '06_validation/upstream_wp4_source_review/M2_12_WP4_R1_STATIC_SQL_AUDIT.json', '06_validation/upstream_wp4_source_review/M2_12_WP4_R1_STATIC_SQL_AUDIT.md', '06_validation/upstream_wp4_source_review/M2_12_WP4_R1_STATIC_SQL_AUDIT_CONTROLS.csv', '06_validation/upstream_wp4_source_review/M2_12_WP4_R1_TRANSACTION_MUTATION_READ_ONLY_AUDIT.md', '06_validation/upstream_wp4_source_review/M2_12_WP4_R1_TRANSACTION_MUTATION_READ_ONLY_DETAIL.csv', '06_validation/upstream_wp4_source_review/M2_12_WP4_R1_UPSTREAM_BYTE_PRESERVATION_AUDIT.csv', '07_governing_inputs/M2_12_WP2_R4_FINAL_SIGNOFF_AND_WP3_REAUTHORIZATION_20260809.md', '07_governing_inputs/M2_12_WP3_R1_RECONCILED_FINAL_SIGNOFF_AND_WP4_AUTHORIZATION_20260810.md', '07_governing_inputs/M2_12_WP4_R1_FINAL_SIGNOFF_AND_WP5_AUTHORIZATION_20260810.md', '07_governing_inputs/M2_12_WP5_AUTHORIZED_BUILD_PROMPT_20260810.md', '07_governing_inputs/wp4_independent_audit/M2_12_WP4_R1_APPROVED_IDENTITY_20260810.txt', '07_governing_inputs/wp4_independent_audit/M2_12_WP4_R1_FINAL_INDEPENDENT_AUDIT_CONTROLS_20260810.csv', '07_governing_inputs/wp4_independent_audit/M2_12_WP4_R1_FINAL_INDEPENDENT_AUDIT_FINDINGS_20260810.csv', '07_governing_inputs/wp4_independent_audit/M2_12_WP4_R1_FINAL_INDEPENDENT_AUDIT_REPORT_20260810.md', '07_governing_inputs/wp4_independent_audit/M2_12_WP4_R1_FINAL_INDEPENDENT_AUDIT_SUMMARY_20260810.json', '08_live_execution_evidence/README_NO_LIVE_EVIDENCE.md', 'MANIFEST.csv', 'PACKAGE_METADATA.json', 'PACKAGE_STATUS.txt', 'README_FIRST.md', 'manifest.json']","['01_sql_normal/220_msbf_m2_12_schema_policy_certification_structures_g3_bundle_triggers_views_v1.sql', '01_sql_normal/221_msbf_m2_12_accepted_source_pristine_target_preflight_v1.sql', '01_sql_normal/222_msbf_m2_12_end_to_end_certification_generation_physical_reconciliation_v1.sql', '01_sql_normal/223_msbf_m2_12_positive_validation_128_controls_v1.sql', '01_sql_normal/224_msbf_m2_12_negative_controls_20_isolated_v1.sql', '01_sql_normal/225_msbf_m2_12_acceptance_finalizer_v1.sql', '01_sql_normal/226_msbf_m2_12_master_report_v1.sql', '01_sql_normal/227_msbf_m2_12_detailed_report_24_result_sets_v1.sql', '02_sql_recovery_contingency_only/220A_msbf_m2_12_failed_schema_policy_installation_recovery_v1.sql', '02_sql_recovery_contingency_only/222A_msbf_m2_12_failed_precommit_certification_generation_sequence_state_recovery_v1.sql', '02_sql_recovery_contingency_only/222B_msbf_m2_12_committed_certification_checkpoint_reconstruction_v1.sql', '02_sql_recovery_contingency_only/223A_msbf_m2_12_failed_positive_validation_recovery_v1.sql', '02_sql_recovery_contingency_only/README_RECOVERY_ONLY.md', '03_docs/M2_12_DIRECTED_RECOVERY_GUIDE.md', '03_docs/M2_12_EVIDENCE_CAPTURE_CHECKLIST.md', '03_docs/M2_12_EXPECTED_RESULTS_AND_CHECKPOINT_GUIDE.md', '03_docs/M2_12_ONE_PROGRAM_AT_A_TIME_EXECUTION_GUIDE.md', '03_docs/M2_12_OPERATOR_PRE_EXECUTION_CHECKLIST.md', '03_docs/M2_12_PACKAGE_SCOPE_AND_BOUNDARIES.md', '03_docs/M2_12_POST_EXECUTION_HANDOFF_BOUNDARY.md', '03_docs/M2_12_SOURCE_AND_PROVENANCE_AUTHORITY.md', '03_docs/M2_12_STOP_ON_ERROR_AND_ROLLBACK_PROTOCOL.md', '04_catalogs/M2_12_EVIDENCE_CAPTURE_CATALOG.csv', '04_catalogs/M2_12_EXECUTION_ORDER.csv', '04_catalogs/M2_12_PROGRAM_CHECKPOINT_CATALOG.csv', '04_catalogs/M2_12_RECOVERY_DECISION_MATRIX.csv', '04_catalogs/M2_12_SQL_SOURCE_SHA256_INVENTORY.csv', '04_catalogs/wp3_validation/M2_12_WP3_R1_CONTROL_TRACEABILITY_MATRIX.csv', '04_catalogs/wp3_validation/M2_12_WP3_R1_NEGATIVE_CONTROL_CATALOG.csv', '04_catalogs/wp3_validation/M2_12_WP3_R1_POSITIVE_CONTROL_CATALOG.csv', '04_catalogs/wp4_traceability/M2_12_WP4_R1_ACCEPTANCE_PHASE_ORDER_AUTHORITY.csv', '04_catalogs/wp4_traceability/M2_12_WP4_R1_ACCEPTANCE_REQUIREMENT_TRACEABILITY.csv', '04_catalogs/wp4_traceability/M2_12_WP4_R1_DETAIL_RESULT_SET_TRACEABILITY.csv', '04_catalogs/wp4_traceability/M2_12_WP4_R1_MASTER_REPORT_TRACEABILITY.csv', '04_catalogs/wp4_traceability/M2_12_WP4_R1_MUTATION_AUTHORITY.csv', '05_governance/M2_12_WP5_BUILD_REVIEW.md', '05_governance/M2_12_WP5_SOURCE_AND_PACKAGE_AUTHORITY.md', '05_governance/design_authority/M2_12_ACCEPTANCE_POST_WRITE_ATOMICITY_LITERAL_AUTHORITY_R6.csv', '05_governance/design_authority/M2_12_ACCEPTANCE_REQUIREMENT_MATRIX.csv', '05_governance/design_authority/M2_12_ACCEPTANCE_WRITE_PHASE_SPECIFICATION.csv', '05_governance/design_authority/M2_12_ACCEPTED_SOURCE_AND_CONTRACT_INVENTORY.csv', '05_governance/design_authority/M2_12_DETAIL_RESULT_SET_CATALOG.csv', '05_governance/design_authority/M2_12_EXPECTED_RESULTS.json', '05_governance/design_authority/M2_12_PROGRAM_RESPONSIBILITY_MATRIX.csv', '05_governance/design_authority/M2_12_SOURCE_AND_BUSINESS_DESIGN_FREEZE_AMENDMENT_A.md', '05_governance/design_authority/M2_12_SOURCE_AND_BUSINESS_DESIGN_FREEZE_AND_BUILD_HANDOFF.md', '05_governance/design_authority/M2_12_TRANSACTION_AND_MUTATION_MATRIX.csv', '05_governance/upstream_wp4_source_authority/M2_12_WORK_PACKAGE_4_R1_REVIEW.md', '05_governance/upstream_wp4_source_authority/M2_12_WP4_R1_PACKAGE_IDENTITY_AND_VALIDATION_REPORT.md', '05_governance/upstream_wp4_source_authority/M2_12_WP4_R1_SOURCE_AUTHORITY.md', '05_governance/upstream_wp4_source_authority/M2_12_WP4_R1_SOURCE_IDENTITY.csv', '05_governance/upstream_wp4_source_authority/M2_12_WP4_R1_SOURCE_IDENTITY.json', '05_governance/upstream_wp4_source_authority/M2_12_WP4_R1_SOURCE_IDENTITY.md', '05_governance/upstream_wp4_source_authority/M2_12_WP4_R1_SQL_SOURCE_SHA256_INVENTORY.csv', '06_validation/M2_12_WP5_GOVERNING_INPUT_VALIDATION.csv', '06_validation/M2_12_WP5_GOVERNING_INPUT_VALIDATION.json', '06_validation/M2_12_WP5_PREMANIFEST_SOURCE_TREE_AUDIT.csv', '06_validation/M2_12_WP5_PREPACKAGE_VALIDATION_REPORT.md', '06_validation/M2_12_WP5_SQL_BYTE_PRESERVATION_AUDIT.csv', '06_validation/M2_12_WP5_STATIC_VALIDATION_CONTROLS.csv', '06_validation/M2_12_WP5_STATIC_VALIDATION_SUMMARY.json', '06_validation/upstream_wp4_source_review/M2_12_WP4_R1_ACCEPTANCE_AUTHORITY_RECONCILIATION.csv', '06_validation/upstream_wp4_source_review/M2_12_WP4_R1_ACCEPTANCE_PHASE_ORDER_AUDIT.csv', '06_validation/upstream_wp4_source_review/M2_12_WP4_R1_ACCEPTANCE_RECONCILIATION_REPORT.md', '06_validation/upstream_wp4_source_review/M2_12_WP4_R1_DETAIL_RESULT_SET_TRACEABILITY_AUDIT.csv', '06_validation/upstream_wp4_source_review/M2_12_WP4_R1_GOVERNING_INPUT_PHYSICAL_VALIDATION.csv', '06_validation/upstream_wp4_source_review/M2_12_WP4_R1_GOVERNING_INPUT_PHYSICAL_VALIDATION.json', '06_validation/upstream_wp4_source_review/M2_12_WP4_R1_MASTER_REPORT_TRACEABILITY_AUDIT.csv', '06_validation/upstream_wp4_source_review/M2_12_WP4_R1_PARSER_LEXICAL_CONTROL_DETAIL.csv', '06_validation/upstream_wp4_source_review/M2_12_WP4_R1_PARSER_LEXICAL_CONTROL_DETAIL.json', '06_validation/upstream_wp4_source_review/M2_12_WP4_R1_PHYSICAL_SQL_CHECKPOINT_LEDGER.csv', '06_validation/upstream_wp4_source_review/M2_12_WP4_R1_PREMANIFEST_SOURCE_TREE_AUDIT.csv', '06_validation/upstream_wp4_source_review/M2_12_WP4_R1_REPORT_TRACEABILITY_RECONCILIATION.md', '06_validation/upstream_wp4_source_review/M2_12_WP4_R1_STATIC_SCHEMA_AUDIT_SUMMARY.json', '06_validation/upstream_wp4_source_review/M2_12_WP4_R1_STATIC_SCHEMA_SCOPE_RECONCILIATION.csv', '06_validation/upstream_wp4_source_review/M2_12_WP4_R1_STATIC_SQL_AUDIT.json', '06_validation/upstream_wp4_source_review/M2_12_WP4_R1_STATIC_SQL_AUDIT.md', '06_validation/upstream_wp4_source_review/M2_12_WP4_R1_STATIC_SQL_AUDIT_CONTROLS.csv', '06_validation/upstream_wp4_source_review/M2_12_WP4_R1_TRANSACTION_MUTATION_READ_ONLY_AUDIT.md', '06_validation/upstream_wp4_source_review/M2_12_WP4_R1_TRANSACTION_MUTATION_READ_ONLY_DETAIL.csv', '06_validation/upstream_wp4_source_review/M2_12_WP4_R1_UPSTREAM_BYTE_PRESERVATION_AUDIT.csv', '07_governing_inputs/M2_12_WP2_R4_FINAL_SIGNOFF_AND_WP3_REAUTHORIZATION_20260809.md', '07_governing_inputs/M2_12_WP3_R1_RECONCILED_FINAL_SIGNOFF_AND_WP4_AUTHORIZATION_20260810.md', '07_governing_inputs/M2_12_WP4_R1_FINAL_SIGNOFF_AND_WP5_AUTHORIZATION_20260810.md', '07_governing_inputs/M2_12_WP5_AUTHORIZED_BUILD_PROMPT_20260810.md', '07_governing_inputs/wp4_independent_audit/M2_12_WP4_R1_APPROVED_IDENTITY_20260810.txt', '07_governing_inputs/wp4_independent_audit/M2_12_WP4_R1_FINAL_INDEPENDENT_AUDIT_CONTROLS_20260810.csv', '07_governing_inputs/wp4_independent_audit/M2_12_WP4_R1_FINAL_INDEPENDENT_AUDIT_FINDINGS_20260810.csv', '07_governing_inputs/wp4_independent_audit/M2_12_WP4_R1_FINAL_INDEPENDENT_AUDIT_REPORT_20260810.md', '07_governing_inputs/wp4_independent_audit/M2_12_WP4_R1_FINAL_INDEPENDENT_AUDIT_SUMMARY_20260810.json', '08_live_execution_evidence/README_NO_LIVE_EVIDENCE.md', 'MANIFEST.csv', 'PACKAGE_METADATA.json', 'PACKAGE_STATUS.txt', 'README_FIRST.md', 'manifest.json']",PASS,BLOCKER,
META011,METADATA,SHA256SUMS physical parity,96,96,PASS,BLOCKER,
STAT001,STATUS,PACKAGE_STATUS exact three lines,"['READY FOR LIVE EXECUTION', 'NOT EXECUTED', 'NOT ACCEPTED']","['READY FOR LIVE EXECUTION', 'NOT EXECUTED', 'NOT ACCEPTED']",PASS,BLOCKER,
STAT002,STATUS,PACKAGE_METADATA status lines,"['READY FOR LIVE EXECUTION', 'NOT EXECUTED', 'NOT ACCEPTED']","['READY FOR LIVE EXECUTION', 'NOT EXECUTED', 'NOT ACCEPTED']",PASS,BLOCKER,
STAT003,STATUS,Package class,STANDALONE_READY_FOR_EXECUTION_SOURCE_AND_DOCUMENTATION,STANDALONE_READY_FOR_EXECUTION_SOURCE_AND_DOCUMENTATION,PASS,BLOCKER,
STAT004,STATUS,Live-execution authority before audit,PENDING_INDEPENDENT_WP5_REVIEW_AND_EXPLICIT_AUTHORIZATION,PENDING_INDEPENDENT_WP5_REVIEW_AND_EXPLICIT_AUTHORIZATION,PASS,BLOCKER,
STAT005,STATUS,PostgreSQL execution state,NOT_PERFORMED,NOT_PERFORMED,PASS,BLOCKER,
STAT006,STATUS,M2.12 acceptance state,NOT_CLAIMED,NOT_CLAIMED,PASS,BLOCKER,
STAT007,STATUS,Accepted full-project packaging,NOT_AUTHORIZED,NOT_AUTHORIZED,PASS,BLOCKER,
STAT008,STATUS,Stage 31 created,False,False,PASS,BLOCKER,
STAT009,STATUS,Module 3 authorized,False,False,PASS,BLOCKER,
STAT010,STATUS,Production/deployment authorized,False,False,PASS,BLOCKER,
STAT011,STATUS,Document 1 exact status triplet,True,True,PASS,BLOCKER,
STAT012,STATUS,Document 2 exact status triplet,True,True,PASS,BLOCKER,
STAT013,STATUS,Document 3 exact status triplet,True,True,PASS,BLOCKER,
STAT014,STATUS,Source authority says independent review still required,True,True,PASS,BLOCKER,
SQL001,SQL_AUTHORITY,SQL inventory rows,12,12,PASS,BLOCKER,
SQL002,SQL_AUTHORITY,Physical SQL files,12,12,PASS,BLOCKER,
SQL003,SQL_AUTHORITY,Inventory program code set,"['220', '220A', '221', '222', '222A', '222B', '223', '223A', '224', '225', '226', '227']","['220', '220A', '221', '222', '222A', '222B', '223', '223A', '224', '225', '226', '227']",PASS,BLOCKER,
SQL004,GOVERNING_INPUT,Governing WP4 ZIP SHA-256,aa1506e932f63c350ba38b2db025f57077a6ffaa15b2437c896680aa6b4c38b6,aa1506e932f63c350ba38b2db025f57077a6ffaa15b2437c896680aa6b4c38b6,PASS,BLOCKER,
SQL005,GOVERNING_INPUT,Governing WP4 ZIP bytes,91288357,91288357,PASS,BLOCKER,
SQL006,GOVERNING_INPUT,Governing WP4 ZIP entries,77,77,PASS,BLOCKER,
SQL007,GOVERNING_INPUT,Governing WP4 ZIP CRC,PASS,PASS,PASS,BLOCKER,
SQL008,SQL_AUTHORITY,SQL inventory physical byte/hash/state reconciliation,12,12,PASS,BLOCKER,
SQL009,SQL_AUTHORITY,Direct byte comparison to WP4 package,12,12,PASS,BLOCKER,
SQL010,SQL_AUTHORITY,Normal SQL count,8,8,PASS,BLOCKER,
SQL011,SQL_AUTHORITY,Recovery SQL count,4,4,PASS,BLOCKER,
SQL012,SQL_AUTHORITY,Normal path segregation,8,8,PASS,BLOCKER,
SQL013,SQL_AUTHORITY,Recovery path segregation,4,4,PASS,BLOCKER,
SQL014,SQL_AUTHORITY,Recoveries excluded from normal chain,4,4,PASS,BLOCKER,
SQL015,SQL_AUTHORITY,Normal source-set hash,6c88c593e05a8de9699e61722283b7044158bac7db4bd720156b9769b1d20bd0,6c88c593e05a8de9699e61722283b7044158bac7db4bd720156b9769b1d20bd0,PASS,BLOCKER,
SQL016,SQL_AUTHORITY,Recovery source-set hash,35d81d74fa5bff735102d5dcc2f1466ab2bb55e989d3df9d46d4b032aef3262c,35d81d74fa5bff735102d5dcc2f1466ab2bb55e989d3df9d46d4b032aef3262c,PASS,BLOCKER,
SQL017,SQL_AUTHORITY,Complete source-set hash,20291f3740a8a1350a84a1283903c56e9b69ac4e65edee7c9028fb2e1ac9011a,20291f3740a8a1350a84a1283903c56e9b69ac4e65edee7c9028fb2e1ac9011a,PASS,BLOCKER,
SQL018,SQL_AUTHORITY,PACKAGE_METADATA normal source-set hash,6c88c593e05a8de9699e61722283b7044158bac7db4bd720156b9769b1d20bd0,6c88c593e05a8de9699e61722283b7044158bac7db4bd720156b9769b1d20bd0,PASS,BLOCKER,
SQL019,SQL_AUTHORITY,PACKAGE_METADATA recovery source-set hash,35d81d74fa5bff735102d5dcc2f1466ab2bb55e989d3df9d46d4b032aef3262c,35d81d74fa5bff735102d5dcc2f1466ab2bb55e989d3df9d46d4b032aef3262c,PASS,BLOCKER,
SQL020,SQL_AUTHORITY,PACKAGE_METADATA full source-set hash,20291f3740a8a1350a84a1283903c56e9b69ac4e65edee7c9028fb2e1ac9011a,20291f3740a8a1350a84a1283903c56e9b69ac4e65edee7c9028fb2e1ac9011a,PASS,BLOCKER,
ORD001,EXECUTION_ORDER,Execution-order rows,8,8,PASS,BLOCKER,
ORD002,EXECUTION_ORDER,Execution sequence,"['1', '2', '3', '4', '5', '6', '7', '8']","['1', '2', '3', '4', '5', '6', '7', '8']",PASS,BLOCKER,
ORD003,EXECUTION_ORDER,Normal program chain,"['220', '221', '222', '223', '224', '225', '226', '227']","['220', '221', '222', '223', '224', '225', '226', '227']",PASS,BLOCKER,
ORD004,EXECUTION_ORDER,Expected result-set counts,"['1', '1', '1', '2', '2', '1', '1', '24']","['1', '1', '1', '2', '2', '1', '1', '24']",PASS,BLOCKER,
ORD005,EXECUTION_ORDER,Recovery in normal chain flags,{'NO'},{'NO'},PASS,BLOCKER,
ORD006,EXECUTION_ORDER,Stop rules,{'STOP_AT_FIRST_ERROR_OR_UNEXPECTED_CHECKPOINT'},{'STOP_AT_FIRST_ERROR_OR_UNEXPECTED_CHECKPOINT'},PASS,BLOCKER,
ORD007,EXECUTION_ORDER,Current live status pending this audit,{'PENDING_INDEPENDENT_WP5_REVIEW_AND_LIVE_AUTHORIZATION'},{'PENDING_INDEPENDENT_WP5_REVIEW_AND_LIVE_AUTHORIZATION'},PASS,BLOCKER,
ORD008,EXECUTION_ORDER,Execution filenames match SQL inventory,8,8,PASS,BLOCKER,
CHK001,CHECKPOINT,Checkpoint rows,8,8,PASS,BLOCKER,
CHK002,CHECKPOINT,Checkpoint sequence,"['1', '2', '3', '4', '5', '6', '7', '8']","['1', '2', '3', '4', '5', '6', '7', '8']",PASS,BLOCKER,
CHK003,CHECKPOINT,Checkpoint program chain,"['220', '221', '222', '223', '224', '225', '226', '227']","['220', '221', '222', '223', '224', '225', '226', '227']",PASS,BLOCKER,
CHK004,CHECKPOINT,Program 223 detail rows,128,128,PASS,BLOCKER,
CHK005,CHECKPOINT,Program 224 detail rows,20,20,PASS,BLOCKER,
CHK006,CHECKPOINT,Program 227 cardinality vector,"[1, 1, 1, 12, 13, 19, 72, 13, 13, 3, 1500, 3, 59, 24, 24, 3, 8, 20, 1, 1, 12, 6, 0, 0]","[1, 1, 1, 12, 13, 19, 72, 13, 13, 3, 1500, 3, 59, 24, 24, 3, 8, 20, 1, 1, 12, 6, 0, 0]",PASS,BLOCKER,
CHK007,CHECKPOINT,Program 227 total detail rows,1809,1809,PASS,BLOCKER,
CHK008,CHECKPOINT,Program 227 next step,STOP_FOR_LIVE_EVIDENCE_REVIEW,STOP_FOR_LIVE_EVIDENCE_REVIEW,PASS,BLOCKER,
CHK009,CHECKPOINT,Lifecycle progression,8,8,PASS,BLOCKER,
REC001,RECOVERY,Recovery decision rows,4,4,PASS,BLOCKER,
REC002,RECOVERY,Recovery code set,"['220A', '222A', '222B', '223A']","['220A', '222A', '222B', '223A']",PASS,BLOCKER,
REC003,RECOVERY,Recoveries excluded from normal chain,{'NO'},{'NO'},PASS,BLOCKER,
REC004,RECOVERY,Recovery authorization required,{'YES'},{'YES'},PASS,BLOCKER,
REC005,RECOVERY,Recovery failed-program mapping,"['220', '222', '222', '223']","['220', '222', '222', '223']",PASS,BLOCKER,
REC006,RECOVERY,Nonblank selection rules,4,4,PASS,BLOCKER,
REC007,RECOVERY,Nonblank prohibited-use boundaries,4,4,PASS,BLOCKER,
EVD001,EVIDENCE,Evidence-capture rows,44,44,PASS,BLOCKER,
EVD002,EVIDENCE,Evidence sequence,"['1', '2', '3', '4', '5', '6', '7', '8', '9', '10', '11', '12', '13', '14', '15', '16', '17', '18', '19', '20', '21', '22', '23', '24', '25', '26', '27', '28', '29', '30', '31', '32', '33', '34', '35', '36', '37', '38', '39', '40', '41', '42', '43', '44']","['1', '2', '3', '4', '5', '6', '7', '8', '9', '10', '11', '12', '13', '14', '15', '16', '17', '18', '19', '20', '21', '22', '23', '24', '25', '26', '27', '28', '29', '30', '31', '32', '33', '34', '35', '36', '37', '38', '39', '40', '41', '42', '43', '44']",PASS,BLOCKER,
EVD003,EVIDENCE,Unique suggested filenames,44,44,PASS,BLOCKER,
EVD004,EVIDENCE,All captures required,{'YES'},{'YES'},PASS,BLOCKER,
EVD005,EVIDENCE,Pre-execution placeholders created,{'NO'},{'NO'},PASS,BLOCKER,
EVD006,EVIDENCE,Package/environment/predecessor records,3,3,PASS,BLOCKER,
EVD007,EVIDENCE,Program console transcripts,"['220', '221', '222', '223', '224', '225', '226', '227']","['220', '221', '222', '223', '224', '225', '226', '227']",PASS,BLOCKER,
EVD008,EVIDENCE,Program output capture counts,"{'220': 1, '221': 1, '222': 1, '223': 2, '224': 2, '225': 1, '226': 1, '227': 24}","{'220': 1, '221': 1, '222': 1, '223': 2, '224': 2, '225': 1, '226': 1, '227': 24}",PASS,BLOCKER,
EVD009,EVIDENCE,Program 223 positive detail expected rows,128,128,PASS,BLOCKER,
EVD010,EVIDENCE,Program 224 negative detail expected rows,20,20,PASS,BLOCKER,
EVD011,EVIDENCE,Program 227 result-set sequence,"[1, 2, 3, 4, 5, 6, 7, 8, 9, 10, 11, 12, 13, 14, 15, 16, 17, 18, 19, 20, 21, 22, 23, 24]","[1, 2, 3, 4, 5, 6, 7, 8, 9, 10, 11, 12, 13, 14, 15, 16, 17, 18, 19, 20, 21, 22, 23, 24]",PASS,BLOCKER,
EVD012,EVIDENCE,Program 227 capture cardinalities,"[1, 1, 1, 12, 13, 19, 72, 13, 13, 3, 1500, 3, 59, 24, 24, 3, 8, 20, 1, 1, 12, 6, 0, 0]","[1, 1, 1, 12, 13, 19, 72, 13, 13, 3, 1500, 3, 59, 24, 24, 3, 8, 20, 1, 1, 12, 6, 0, 0]",PASS,BLOCKER,
EVD013,EVIDENCE,Result Sets 23/24 zero-row requirements,"[0, 0]","[0, 0]",PASS,BLOCKER,
EVD014,EVIDENCE,No live evidence payload files,0,0,PASS,BLOCKER,
EVD015,EVIDENCE,Execution-order/result-capture count parity,8,8,PASS,BLOCKER,
DOC001,DOCUMENTATION,Required operator documents,9,9,PASS,BLOCKER,
DOC002,DOCUMENTATION,Canonical normal chain in execution guide,True,True,PASS,BLOCKER,
DOC003,DOCUMENTATION,psql ON_ERROR_STOP control,True,True,PASS,BLOCKER,
DOC004,DOCUMENTATION,One complete source file per invocation,True,True,PASS,BLOCKER,
DOC005,DOCUMENTATION,No outer transaction,True,True,PASS,BLOCKER,
DOC006,DOCUMENTATION,No concatenated execution,True,True,PASS,BLOCKER,
DOC007,DOCUMENTATION,No selected-statement execution,True,True,PASS,BLOCKER,
DOC008,DOCUMENTATION,Per-program checkpoint release,True,True,PASS,BLOCKER,
DOC009,DOCUMENTATION,Immediate stop on any error,True,True,PASS,BLOCKER,
DOC010,DOCUMENTATION,No ad hoc source/state repair,True,True,PASS,BLOCKER,
DOC011,DOCUMENTATION,Recovery requires explicit authorization,True,True,PASS,BLOCKER,
DOC012,DOCUMENTATION,Evidence checklist says no live evidence,True,True,PASS,BLOCKER,
DOC013,DOCUMENTATION,Evidence catalog row count documented,True,True,PASS,BLOCKER,
DOC014,DOCUMENTATION,Post-chain stop for independent review,True,True,PASS,BLOCKER,
DOC015,DOCUMENTATION,No accepted/full-project packaging after execution,True,True,PASS,BLOCKER,
DOC016,DOCUMENTATION,No wrapper scripts physically present,0,0,PASS,BLOCKER,
AUTH001,PRESERVED_AUTHORITY,Positive-control rows,128,128,PASS,BLOCKER,
AUTH002,PRESERVED_AUTHORITY,Negative-control rows,20,20,PASS,BLOCKER,
AUTH003,PRESERVED_AUTHORITY,Combined WP3 traceability rows,148,148,PASS,BLOCKER,
AUTH004,PRESERVED_AUTHORITY,Unique positive codes,128,128,PASS,BLOCKER,
AUTH005,PRESERVED_AUTHORITY,Unique negative codes,20,20,PASS,BLOCKER,
AUTH006,PRESERVED_AUTHORITY,Acceptance traceability rows,48,48,PASS,BLOCKER,
AUTH007,PRESERVED_AUTHORITY,Acceptance phase rows,8,8,PASS,BLOCKER,
AUTH008,PRESERVED_AUTHORITY,Master traceability rows,14,14,PASS,BLOCKER,
AUTH009,PRESERVED_AUTHORITY,Detail result-set traceability rows,24,24,PASS,BLOCKER,
AUTH010,PRESERVED_AUTHORITY,Mutation authority rows,6,6,PASS,BLOCKER,
AUTH011,PRESERVED_AUTHORITY,Detail result-set sequence,"['1', '2', '3', '4', '5', '6', '7', '8', '9', '10', '11', '12', '13', '14', '15', '16', '17', '18', '19', '20', '21', '22', '23', '24']","['1', '2', '3', '4', '5', '6', '7', '8', '9', '10', '11', '12', '13', '14', '15', '16', '17', '18', '19', '20', '21', '22', '23', '24']",PASS,BLOCKER,
AUTH012,PRESERVED_AUTHORITY,Detail cardinality authority,"[1, 1, 1, 12, 13, 19, 72, 13, 13, 3, 1500, 3, 59, 24, 24, 3, 8, 20, 1, 1, 12, 6, 0, 0]","[1, 1, 1, 12, 13, 19, 72, 13, 13, 3, 1500, 3, 59, 24, 24, 3, 8, 20, 1, 1, 12, 6, 0, 0]",PASS,BLOCKER,
AUTH013,PRESERVED_AUTHORITY,Detail projection reconciliation,{'PASS'},{'PASS'},PASS,BLOCKER,
AUTH014,PRESERVED_AUTHORITY,Detail ordering reconciliation,{'PASS'},{'PASS'},PASS,BLOCKER,
AUTH015,PRESERVED_AUTHORITY,Detail cardinality reconciliation,{'PASS'},{'PASS'},PASS,BLOCKER,
AUTH016,PRESERVED_AUTHORITY,Detail source trace reconciliation,{'PASS'},{'PASS'},PASS,BLOCKER,
AUTH017,DESIGN_EXTRACT,Expected-results authority status,AMENDMENT_A_CORRECTION_R1_FINAL_PHYSICAL_AUTHORITY,AMENDMENT_A_CORRECTION_R1_FINAL_PHYSICAL_AUTHORITY,PASS,BLOCKER,
AUTH018,DESIGN_EXTRACT,Expected-results frozen architecture checks,9,9,PASS,BLOCKER,{}
AUTH019,DESIGN_EXTRACT,Historical expected-results status explicitly classified,True,True,PASS,BLOCKER,
ADV001,DOCUMENTATION_SCOPE,Full final design archive physically included,7,17,FAIL,ADVISORY,M2_12_BUILD_CHAT_OPENING_AND_WORK_PACKAGE_PROMPTS.md|M2_12_CAPABILITY_COVERAGE_CATALOG.csv|M2_12_DESIGN_DELIVERY_INDEX.md|M2_12_EVIDENCE_CERTIFICATION_APPLICABILITY_MATRIX.csv|M2_12_GENERATION_EVIDENCE_CATALOG.csv|M2_12_HASH_PREIMAGE_AND_SEQUENCE_SPECIFICATION.csv|M2_12_NEGATIVE_CONTROL_CATALOG_DESIGN.csv|M2_12_POSITIVE_CONTROL_FAMILY_ALLOCATION.csv|M2_12_SOURCE_AND_BUSINESS_DESIGN_AMENDMENT_A_CORRECTION_R1.md|M2_12_SOURCE_GRAPH_EDGE_CATALOG.csv
ADV002,DOCUMENTATION_SCOPE,Package describes design folder as extracts,True,True,PASS,ADVISORY,
GOV001,GOVERNANCE,WP2 R4 signoff approval,True,True,PASS,BLOCKER,
GOV002,GOVERNANCE,WP3 R1 reconciled signoff approval,True,True,PASS,BLOCKER,
GOV003,GOVERNANCE,WP4 R1 signoff approval,True,True,PASS,BLOCKER,
GOV004,GOVERNANCE,WP4 signoff authorizes WP5 packaging only,True,True,PASS,BLOCKER,
GOV005,GOVERNANCE,WP5 prompt exact source package hash,True,True,PASS,BLOCKER,
GOV006,GOVERNANCE,WP5 prompt requires status triplet,True,True,PASS,BLOCKER,
GOV007,GOVERNANCE,WP5 prompt prohibits PostgreSQL execution,True,True,PASS,BLOCKER,
GOV008,GOVERNANCE,Embedded WP4 controls,134/134,134/134,PASS,BLOCKER,
GOV009,GOVERNANCE,Embedded WP4 finding rows,0,0,PASS,BLOCKER,
GOV010,GOVERNANCE,Embedded WP4 summary determination,APPROVED,APPROVED,PASS,BLOCKER,
GOV011,GOVERNANCE,Embedded WP4 summary controls,"{'total': 134, 'pass': 134, 'fail': 0}","{'total': 134, 'pass': 134, 'fail': 0}",PASS,BLOCKER,
GOV012,GOVERNANCE,Embedded WP4 report determination,True,True,PASS,BLOCKER,
VAL001,SUBMITTED_VALIDATION,WP5 static validation controls,30/30,30/30,PASS,BLOCKER,
VAL002,SUBMITTED_VALIDATION,WP5 governing-input controls,37/37,37/37,PASS,BLOCKER,
VAL003,SUBMITTED_VALIDATION,WP5 premanifest source-tree rows,93/93,93/93,PASS,BLOCKER,
VAL004,SUBMITTED_VALIDATION,WP5 SQL byte preservation rows,12/12,12/12,PASS,BLOCKER,
