program,revision,role,filename,bytes,sha256,sidecar_pairing,runtime_outcome
220,HF4,NORMAL,220_msbf_m2_12_schema_policy_certification_structures_g3_bundle_triggers_views_v1_HF4.sql,765772,efc49c1f2c02587e03a84b46ab8c5c0b097ca28cd2682cd6f4eb477e29f508e8,PASS,PASS
221,HF6,NORMAL,221_msbf_m2_12_accepted_source_pristine_target_preflight_v1_HF6.sql,221276,97387aca692d676b74c89ab298e4e284bd862feaf289f98eba5fd91c336877d7,PASS,PASS
222,HF9,NORMAL,222_msbf_m2_12_end_to_end_certification_generation_physical_reconciliation_v1_HF9.sql,560495,3674c53f4bc46222a45db8d3afa75337af921b2492485ebd2745d77ada220cab,PASS,PASS
222A,R1,DIRECTED_RECOVERY,222A_msbf_m2_12_failed_precommit_certification_generation_sequence_state_recovery_v1.sql,22425,8087d51cd6d1dbcf89371d4219e787b53221ddf3a5959053af1306fef0967627,PASS,PASS_RECOVERED
223,HF12,NORMAL,223_msbf_m2_12_positive_validation_128_controls_v1_HF12.sql,769374,a52a2ea1fe423fae840c21a3bba6dda7ca45dea1c29531134e823a96635411fe,PASS,PASS
224,HF14,NORMAL,224_msbf_m2_12_negative_controls_20_isolated_v1_HF14.sql,153481,d549f90da4ec3d9364d4f1e5bd1b8fc8a9e5e65d1c3d6af646bf48689ee9146e,PASS,PASS
225,HF23,NORMAL,225_msbf_m2_12_acceptance_finalizer_v1_HF23.sql,246122,e5ac10c9c15512878361d080a4435fa70eac68004f8dfbabeeddaa052d51055b,PASS,PASS
226,HF24,NORMAL,226_msbf_m2_12_master_report_v1_HF24.sql,183235,e7ab6bdf4ae660f5a051b43c9e0b039fb5495e8b8c6259a5ca8cccc9d06e83a7,PASS,PASS
227,HF26,NORMAL,227_msbf_m2_12_detailed_report_24_result_sets_v1_HF26.sql,243000,7b7fa0103fda0f1e1bd043aa14e926fa748db291dcb63873ca576d34ea54ab11,PASS,PASS
