result_set_sequence,result_set_code,source_filename,normalized_filename,expected_rows,observed_rows,column_count,header_present,cardinality_status,sha256
1,LIFECYCLE_AND_G3_ACCEPTANCE,MSBF_M2_12_Enterprise_Portfolio_Certification_&_Consumption_Contract_Detail_Report_v1_Lifecycle_And_G3_Acceptance_20260812.csv,RS01_LIFECYCLE_AND_G3_ACCEPTANCE_20260812.csv,1,1,12,PASS,PASS,20cc0be0fa27ee49d74dc2bd81dfb7536d025e974b31b5d3198aad8f1d49d375
2,POLICY_AND_EXPECTED_COUNTS,MSBF_M2_12_Enterprise_Portfolio_Certification_&_Consumption_Contract_Detail_Report_v1_M2_12_Policy_And_Expected_Counts_20260812.csv,RS02_POLICY_AND_EXPECTED_COUNTS_20260812.csv,1,1,11,PASS,PASS,ee7d98d2f31a08229923114924853660678085d572ee8e8d78d8569eaf06d153
3,M1_17_G2_SOURCE_IDENTITY,MSBF_M2_12_Enterprise_Portfolio_Certification_&_Consumption_Contract_Detail_Report_v1_M1_17_G2_Source_Identity_20260812.csv,RS03_M1_17_G2_SOURCE_IDENTITY_20260812.csv,1,1,12,PASS,PASS,5946acb885a63b66bbb0804daa7b453f39e6c7af21a7a5a7e2a2891cff97add5
4,SOURCE_NODE_CERTIFICATION,MSBF_M2_12_Enterprise_Portfolio_Certification_&_Consumption_Contract_Detail_Report_v1_Twelve_Source_Node_Certification_Rows_20260812.csv,RS04_SOURCE_NODE_CERTIFICATION_20260812.csv,12,12,13,PASS,PASS,26b193b05d1066471532d96d3a0774252f00642dddb33c6f7299be3cdf421171
5,COMPONENT_CONTRACTS,MSBF_M2_12_Enterprise_Portfolio_Certification_&_Consumption_Contract_Detail_Report_v1_Thirteen_Component_Contracts_20260812.csv,RS05_COMPONENT_CONTRACTS_20260812.csv,13,13,17,PASS,PASS,1b87020c169b9db530f741b7a6932d1968358c6384d7ad9ae11c3ec2f9567e0b
6,SOURCE_GRAPH_EDGES,MSBF_M2_12_Enterprise_Portfolio_Certification_&_Consumption_Contract_Detail_Report_v1_Complete_Nineteen_Edge_Source_Graph_20260812.csv,RS06_SOURCE_GRAPH_EDGES_20260812.csv,19,19,13,PASS,PASS,e865682bd6f2039d095587a2b3ec409b80d330d4b7428fcd3a6eed0a5cda1401
7,EVIDENCE_CERTIFICATION,MSBF_M2_12_Enterprise_Portfolio_Certification_&_Consumption_Contract_Detail_Report_v1_Seventy_Two_Evidence_Certification_Rows_20260812.csv,RS07_EVIDENCE_CERTIFICATION_20260812.csv,72,72,15,PASS,PASS,52519aecaeae312b0a36b3ab2d4e44d2c6f3dcedbf736902843cadcf1001cce3
8,COMPONENT_LATEST_ARCHIVE_INVENTORY,MSBF_M2_12_Enterprise_Portfolio_Certification_&_Consumption_Contract_Detail_Report_v1_Component_Latest_Archive_Inventory_20260812.csv,RS08_COMPONENT_LATEST_ARCHIVE_INVENTORY_20260812.csv,13,13,12,PASS,PASS,6a64b33a5892f25a20a22ffc7a308bfb8077f066a79af0ca4fbe6ed0282e9d8a
9,CONTRACT_REPRODUCTION,MSBF_M2_12_Enterprise_Portfolio_Certification_&_Consumption_Contract_Detail_Report_v1_Contract_Reproduction_20260812.csv,RS09_CONTRACT_REPRODUCTION_20260812.csv,13,13,14,PASS,PASS,cffc1567ede90168c69397d66f1479a051ad26593d554cef552e6cb2358d9d6c
10,APPLICATION_CONSUMPTION_SUMMARY,MSBF_M2_12_Enterprise_Portfolio_Certification_&_Consumption_Contract_Detail_Report_v1_Application_Consumption_Summary_20260812.csv,RS10_APPLICATION_CONSUMPTION_SUMMARY_20260812.csv,3,3,7,PASS,PASS,8c30821d4a800407164d0cc12a7aae3348eb7e90c22f2248a928164daf66443c
11,APPLICATION_CONSUMPTION_DETAIL,MSBF_M2_12_Enterprise_Portfolio_Certification_&_Consumption_Contract_Detail_Report_v1_Full_1500_Row_Application_Detail_20260812.csv,RS11_APPLICATION_CONSUMPTION_DETAIL_20260812.csv,1500,1500,18,PASS,PASS,bd81106ace62fece19f86c528478a672dc0500cb77a72f5f3409bef10338fc7c
12,OPERATIONAL_ACCOUNT_SUMMARY,MSBF_M2_12_Enterprise_Portfolio_Certification_&_Consumption_Contract_Detail_Report_v1_Operational_Account_Summary_20260812.csv,RS12_OPERATIONAL_ACCOUNT_SUMMARY_20260812.csv,3,3,9,PASS,PASS,0fa974e991472c46cb3ab9d8c02167f1ec454e295d2c5c57de9cce227e58a5cc
13,OPERATIONAL_ACCOUNT_DETAIL,MSBF_M2_12_Enterprise_Portfolio_Certification_&_Consumption_Contract_Detail_Report_v1_Full_59_Row_Operational_Account_Detail_20260812.csv,RS13_OPERATIONAL_ACCOUNT_DETAIL_20260812.csv,59,59,23,PASS,PASS,e2236f6c67918d375a7571ce8b72ccbc695fb39a317b5d18608ffa88e2ea29a7
14,STRATEGY_SCOPE_CONSUMPTION,MSBF_M2_12_Enterprise_Portfolio_Certification_&_Consumption_Contract_Detail_Report_v1_Strategy_Scope_Consumption_20260812.csv,RS14_STRATEGY_SCOPE_CONSUMPTION_20260812.csv,24,24,17,PASS,PASS,a49294e40d5d37a523efb215d9eb37dbb8994ed54a20bdf4b3b30fdb5387e304
15,FRONTIER_NONDOMINATED_SUMMARY,MSBF_M2_12_Enterprise_Portfolio_Certification_&_Consumption_Contract_Detail_Report_v1_Frontier_Non_Dominated_Summary_20260812.csv,RS15_FRONTIER_NONDOMINATED_SUMMARY_20260812.csv,24,24,14,PASS,PASS,2005f996dcad1993e4b924c9121370e08ee9c96622b06b4e97dd783a4653e2cf
16,GOVERNANCE_REVIEW_PRIORITIES,MSBF_M2_12_Enterprise_Portfolio_Certification_&_Consumption_Contract_Detail_Report_v1_Governance_Review_Priorities_20260812.csv,RS16_GOVERNANCE_REVIEW_PRIORITIES_20260812.csv,3,3,9,PASS,PASS,32846c071aec9fac3e01e87413bf9bf1ed215c1140c3558b2bda7e917d314756
17,STRESS_AND_BURDEN_BOUNDARY,MSBF_M2_12_Enterprise_Portfolio_Certification_&_Consumption_Contract_Detail_Report_v1_Stress_And_Burden_Boundary_20260812.csv,RS17_STRESS_AND_BURDEN_BOUNDARY_20260812.csv,8,8,12,PASS,PASS,7f3d7e3879c40e497d768d93dee9b359bf93dfa8a0160161ed22b677060388c3
18,CAPABILITY_COVERAGE,MSBF_M2_12_Enterprise_Portfolio_Certification_&_Consumption_Contract_Detail_Report_v1_Capability_Coverage_20260812.csv,RS18_CAPABILITY_COVERAGE_20260812.csv,20,20,9,PASS,PASS,aad96fad2c47b18f33882cebdd3d7b393c8f4b41c288c03889a951751aff9c81
19,G3_BUNDLE_LATEST,MSBF_M2_12_Enterprise_Portfolio_Certification_&_Consumption_Contract_Detail_Report_v1_G3_Bundle_Latest_20260812.csv,RS19_G3_BUNDLE_LATEST_20260812.csv,1,1,16,PASS,PASS,93a7a156b4c61f4427b37249d7b7e7d35d7d81222ea9c992e32948acaaf5b28a
20,G3_LATEST_ARCHIVE_REPRODUCTION,MSBF_M2_12_Enterprise_Portfolio_Certification_&_Consumption_Contract_Detail_Report_v1_G3_Latest_Archive_Reproduction_20260812.csv,RS20_G3_LATEST_ARCHIVE_REPRODUCTION_20260812.csv,1,1,10,PASS,PASS,9df992ce46fd7c923260a6010826cf7af0ac612be31ddc6567f4e8314c71380c
21,G3_REGISTRY_CANONICAL_HASHES,MSBF_M2_12_Enterprise_Portfolio_Certification_&_Consumption_Contract_Detail_Report_v1_G3_Registry_Canonical_Hashes_20260812.csv,RS21_G3_REGISTRY_CANONICAL_HASHES_20260812.csv,12,12,7,PASS,PASS,ec0e2d1bf62c2f8bdeedd611c4e2b3da8f679e6a4a5b875777500056e67b25b3
22,GOVERNED_EVIDENCE_ACCEPTANCE_SUMMARY,MSBF_M2_12_Enterprise_Portfolio_Certification_&_Consumption_Contract_Detail_Report_v1_Governed_Evidence_And_Acceptance_Summary_20260812.csv,RS22_GOVERNED_EVIDENCE_ACCEPTANCE_SUMMARY_20260812.csv,6,6,7,PASS,PASS,b380ff28e9f21892b4ede4e73addb80d82898d3835ea0a2b6c873919b24a7a42
23,DETERMINISTIC_MISMATCHES,MSBF_M2_12_Enterprise_Portfolio_Certification_&_Consumption_Contract_Detail_Report_v1_Deterministic_Mismatches_20260812.csv,RS23_DETERMINISTIC_MISMATCHES_20260812.csv,0,0,8,PASS,PASS,616c27f255e9acba0d595691c529c0c8e95ec54d5890d35150db54ffd033ef9a
24,BLOCKING_STAGE_BOUNDARY_VIOLATIONS,MSBF_M2_12_Enterprise_Portfolio_Certification_&_Consumption_Contract_Detail_Report_v1_Blocking_Stage_Boundary_Violations_20260812.csv,RS24_BLOCKING_STAGE_BOUNDARY_VIOLATIONS_20260812.csv,0,0,6,PASS,PASS,ffca7d90c9dce5da0a818b6c57573fd71e4edd803d2dfd37081ebd3590479808
